id,create_time,update_time,attr_value,product_spu_attr_id
1,1/19/2023,1/19/2023,1234,677
2,10/21/2023,10/21/2023,5678,489
3,3/12/2023,3/12/2023,QWERTY,949
4,5/19/2023,5/19/2023,ASDF,457
5,7/2/2023,7/2/2023,WXYZ,249
6,1/15/2023,1/15/2023,5432,136
7,6/25/2023,6/25/2023,0987,719
8,12/3/2023,12/3/2023,QWERTY,282
9,3/12/2023,3/12/2023,ABCD,981
10,8/2/2023,8/2/2023,ASDF,863
11,10/28/2023,10/28/2023,POIU,961
12,2/10/2023,2/10/2023,ZXCV,23
13,5/27/2023,5/27/2023,5432,685
14,1/28/2023,1/28/2023,1234,345
15,1/12/2023,1/12/2023,1234,624
16,6/29/2023,6/29/2023,QWER,933
17,5/21/2023,5/21/2023,QWER,167
18,1/29/2023,1/29/2023,UIOP,975
19,10/30/2023,10/30/2023,ASDF,608
20,12/6/2023,12/6/2023,5678,272
21,4/23/2023,4/23/2023,0987,616
22,7/2/2023,7/2/2023,QWERTY,675
23,7/12/2023,7/12/2023,ABCD,336
24,2/16/2023,2/16/2023,5432,80
25,1/25/2023,1/25/2023,1234,18
26,9/22/2023,9/22/2023,0987,446
27,8/18/2023,8/18/2023,UIOP,570
28,6/15/2023,6/15/2023,POIU,236
29,5/29/2023,5/29/2023,QWER,196
30,12/17/2023,12/17/2023,ABCD,716
31,12/3/2023,12/3/2023,POIU,501
32,9/18/2023,9/18/2023,1234,433
33,9/17/2023,9/17/2023,5678,193
34,5/7/2023,5/7/2023,UIOP,2
35,3/7/2023,3/7/2023,5432,781
36,5/23/2023,5/23/2023,0987,885
37,1/31/2023,1/31/2023,ASDF,22
38,12/6/2023,12/6/2023,5432,234
39,8/30/2023,8/30/2023,LKJH,134
40,11/8/2023,11/8/2023,LKJH,222
41,8/22/2023,8/22/2023,QWERTY,913
42,9/30/2023,9/30/2023,POIU,652
43,2/17/2023,2/17/2023,QWER,139
44,10/24/2023,10/24/2023,ASDF,281
45,5/15/2023,5/15/2023,MNBV,956
46,9/21/2023,9/21/2023,ABCD,543
47,7/17/2023,7/17/2023,QWER,586
48,1/14/2023,1/14/2023,UIOP,778
49,6/8/2023,6/8/2023,0987,229
50,9/14/2023,9/14/2023,MNBV,53
51,3/21/2023,3/21/2023,0987,125
52,7/31/2023,7/31/2023,POIU,98
53,12/22/2023,12/22/2023,1234,282
54,8/29/2023,8/29/2023,9876,720
55,3/7/2023,3/7/2023,WXYZ,991
56,5/7/2023,5/7/2023,1234,91
57,10/22/2023,10/22/2023,9876,75
58,9/13/2023,9/13/2023,5678,390
59,1/18/2023,1/18/2023,WXYZ,475
60,11/22/2023,11/22/2023,0987,841
61,4/15/2023,4/15/2023,LKJH,195
62,5/20/2023,5/20/2023,9876,677
63,3/13/2023,3/13/2023,1234,717
64,10/21/2023,10/21/2023,QWER,751
65,7/7/2023,7/7/2023,5678,251
66,7/16/2023,7/16/2023,0987,271
67,6/24/2023,6/24/2023,POIU,329
68,10/26/2023,10/26/2023,QWER,724
69,4/15/2023,4/15/2023,5678,308
70,12/4/2023,12/4/2023,ASDF,313
71,6/12/2023,6/12/2023,LKJH,561
72,3/27/2023,3/27/2023,POIU,57
73,11/26/2023,11/26/2023,ABCD,666
74,11/8/2023,11/8/2023,5432,929
75,3/2/2023,3/2/2023,0987,486
76,12/17/2023,12/17/2023,1234,778
77,4/12/2023,4/12/2023,1234,789
78,12/2/2023,12/2/2023,ZXCV,412
79,12/30/2023,12/30/2023,ZXCV,133
80,4/15/2023,4/15/2023,9876,692
81,8/29/2023,8/29/2023,ASDF,114
82,5/23/2023,5/23/2023,WXYZ,317
83,12/5/2023,12/5/2023,ASDF,137
84,3/4/2023,3/4/2023,1234,961
85,8/18/2023,8/18/2023,ABCD,537
86,8/11/2023,8/11/2023,MNBV,75
87,2/20/2023,2/20/2023,5432,247
88,5/5/2023,5/5/2023,QWER,841
89,1/31/2023,1/31/2023,0987,923
90,6/19/2023,6/19/2023,QWERTY,954
91,1/5/2023,1/5/2023,1234,491
92,10/20/2023,10/20/2023,POIU,811
93,2/18/2023,2/18/2023,ZXCV,30
94,10/8/2023,10/8/2023,ZXCV,320
95,11/6/2023,11/6/2023,ABCD,711
96,5/15/2023,5/15/2023,LKJH,28
97,10/12/2023,10/12/2023,1234,727
98,1/25/2023,1/25/2023,0987,216
99,12/27/2023,12/27/2023,0987,292
100,12/8/2023,12/8/2023,QWERTY,812
101,3/26/2023,3/26/2023,QWER,903
102,1/1/2023,1/1/2023,QWERTY,30
103,2/8/2023,2/8/2023,9876,121
104,9/24/2023,9/24/2023,5678,570
105,8/15/2023,8/15/2023,1234,672
106,1/9/2023,1/9/2023,ASDF,708
107,8/7/2023,8/7/2023,POIU,642
108,12/26/2023,12/26/2023,5432,699
109,12/24/2023,12/24/2023,UIOP,831
110,3/20/2023,3/20/2023,9876,869
111,10/2/2023,10/2/2023,1234,830
112,7/4/2023,7/4/2023,QWERTY,60
113,6/3/2023,6/3/2023,QWER,593
114,10/15/2023,10/15/2023,ASDF,457
115,10/5/2023,10/5/2023,POIU,516
116,7/20/2023,7/20/2023,0987,618
117,12/16/2023,12/16/2023,1234,116
118,8/15/2023,8/15/2023,5678,221
119,5/23/2023,5/23/2023,WXYZ,510
120,3/8/2023,3/8/2023,5432,493
121,3/6/2023,3/6/2023,LKJH,190
122,8/27/2023,8/27/2023,ABCD,423
123,7/23/2023,7/23/2023,QWER,248
124,4/27/2023,4/27/2023,ZXCV,994
125,8/10/2023,8/10/2023,QWER,443
126,5/23/2023,5/23/2023,QWERTY,253
127,7/27/2023,7/27/2023,1234,799
128,11/30/2023,11/30/2023,ABCD,246
129,5/29/2023,5/29/2023,5678,306
130,2/22/2023,2/22/2023,WXYZ,869
131,11/7/2023,11/7/2023,5432,370
132,7/24/2023,7/24/2023,QWERTY,376
133,10/25/2023,10/25/2023,ABCD,368
134,1/5/2023,1/5/2023,5678,982
135,1/3/2023,1/3/2023,UIOP,342
136,1/23/2023,1/23/2023,5678,388
137,6/16/2023,6/16/2023,WXYZ,604
138,5/18/2023,5/18/2023,ZXCV,442
139,4/13/2023,4/13/2023,ABCD,292
140,4/1/2023,4/1/2023,0987,366
141,2/4/2023,2/4/2023,LKJH,339
142,1/5/2023,1/5/2023,9876,576
143,12/27/2023,12/27/2023,1234,859
144,10/8/2023,10/8/2023,0987,765
145,2/16/2023,2/16/2023,QWER,489
146,12/13/2023,12/13/2023,1234,408
147,8/28/2023,8/28/2023,ZXCV,187
148,2/11/2023,2/11/2023,5432,850
149,2/22/2023,2/22/2023,UIOP,928
150,11/8/2023,11/8/2023,0987,356
151,1/7/2023,1/7/2023,QWERTY,893
152,8/4/2023,8/4/2023,5678,293
153,4/9/2023,4/9/2023,5432,170
154,10/28/2023,10/28/2023,ASDF,106
155,5/26/2023,5/26/2023,QWERTY,522
156,6/8/2023,6/8/2023,QWERTY,248
157,11/29/2023,11/29/2023,ABCD,25
158,3/27/2023,3/27/2023,WXYZ,763
159,10/24/2023,10/24/2023,ABCD,115
160,4/17/2023,4/17/2023,LKJH,202
161,8/2/2023,8/2/2023,QWERTY,583
162,9/29/2023,9/29/2023,0987,827
163,8/10/2023,8/10/2023,9876,652
164,1/2/2023,1/2/2023,5678,467
165,8/3/2023,8/3/2023,1234,634
166,7/25/2023,7/25/2023,5678,125
167,11/5/2023,11/5/2023,ASDF,729
168,8/27/2023,8/27/2023,1234,575
169,8/20/2023,8/20/2023,QWERTY,368
170,6/27/2023,6/27/2023,LKJH,439
171,11/16/2023,11/16/2023,5678,418
172,1/18/2023,1/18/2023,POIU,109
173,9/15/2023,9/15/2023,POIU,78
174,11/29/2023,11/29/2023,QWERTY,311
175,7/18/2023,7/18/2023,5432,200
176,9/12/2023,9/12/2023,POIU,779
177,7/23/2023,7/23/2023,ABCD,843
178,5/25/2023,5/25/2023,ABCD,337
179,7/1/2023,7/1/2023,1234,936
180,4/27/2023,4/27/2023,POIU,302
181,5/2/2023,5/2/2023,ASDF,233
182,11/5/2023,11/5/2023,5678,92
183,4/30/2023,4/30/2023,WXYZ,479
184,3/20/2023,3/20/2023,9876,605
185,5/24/2023,5/24/2023,QWER,83
186,6/2/2023,6/2/2023,0987,422
187,2/20/2023,2/20/2023,ABCD,385
188,12/27/2023,12/27/2023,9876,170
189,5/17/2023,5/17/2023,0987,843
190,1/23/2023,1/23/2023,LKJH,938
191,10/22/2023,10/22/2023,MNBV,609
192,5/25/2023,5/25/2023,ABCD,681
193,6/1/2023,6/1/2023,ZXCV,394
194,10/12/2023,10/12/2023,ABCD,845
195,2/26/2023,2/26/2023,QWER,657
196,12/6/2023,12/6/2023,5432,377
197,2/26/2023,2/26/2023,WXYZ,644
198,7/14/2023,7/14/2023,QWER,115
199,11/9/2023,11/9/2023,MNBV,91
200,3/3/2023,3/3/2023,POIU,692
201,8/18/2023,8/18/2023,UIOP,723
202,10/14/2023,10/14/2023,LKJH,715
203,5/7/2023,5/7/2023,QWERTY,475
204,3/24/2023,3/24/2023,POIU,522
205,1/27/2023,1/27/2023,WXYZ,673
206,3/8/2023,3/8/2023,MNBV,813
207,11/16/2023,11/16/2023,UIOP,369
208,7/18/2023,7/18/2023,LKJH,802
209,6/5/2023,6/5/2023,1234,874
210,9/14/2023,9/14/2023,5432,883
211,9/30/2023,9/30/2023,ASDF,943
212,7/7/2023,7/7/2023,WXYZ,222
213,6/9/2023,6/9/2023,QWER,5
214,1/1/2023,1/1/2023,MNBV,278
215,5/27/2023,5/27/2023,1234,215
216,7/28/2023,7/28/2023,0987,316
217,4/6/2023,4/6/2023,LKJH,656
218,1/9/2023,1/9/2023,MNBV,33
219,6/13/2023,6/13/2023,QWER,538
220,12/26/2023,12/26/2023,ASDF,498
221,8/24/2023,8/24/2023,1234,447
222,9/7/2023,9/7/2023,LKJH,878
223,10/22/2023,10/22/2023,MNBV,301
224,12/24/2023,12/24/2023,1234,233
225,5/14/2023,5/14/2023,WXYZ,523
226,12/24/2023,12/24/2023,POIU,861
227,12/4/2023,12/4/2023,1234,894
228,11/18/2023,11/18/2023,ZXCV,914
229,2/7/2023,2/7/2023,0987,71
230,12/17/2023,12/17/2023,LKJH,504
231,2/28/2023,2/28/2023,LKJH,379
232,1/18/2023,1/18/2023,ABCD,519
233,4/16/2023,4/16/2023,1234,288
234,1/16/2023,1/16/2023,1234,642
235,5/17/2023,5/17/2023,5678,612
236,3/21/2023,3/21/2023,UIOP,744
237,3/20/2023,3/20/2023,LKJH,116
238,5/13/2023,5/13/2023,0987,957
239,1/4/2023,1/4/2023,POIU,863
240,4/24/2023,4/24/2023,9876,532
241,7/7/2023,7/7/2023,POIU,831
242,1/14/2023,1/14/2023,9876,154
243,6/9/2023,6/9/2023,LKJH,662
244,11/18/2023,11/18/2023,QWER,904
245,1/25/2023,1/25/2023,WXYZ,892
246,7/8/2023,7/8/2023,QWERTY,347
247,1/8/2023,1/8/2023,ZXCV,918
248,1/24/2023,1/24/2023,5432,868
249,12/10/2023,12/10/2023,QWER,73
250,10/7/2023,10/7/2023,0987,509
251,10/26/2023,10/26/2023,UIOP,458
252,12/9/2023,12/9/2023,WXYZ,901
253,7/17/2023,7/17/2023,LKJH,376
254,1/13/2023,1/13/2023,5432,942
255,9/28/2023,9/28/2023,ABCD,197
256,4/20/2023,4/20/2023,QWER,21
257,3/28/2023,3/28/2023,ASDF,759
258,8/4/2023,8/4/2023,ASDF,456
259,9/26/2023,9/26/2023,9876,54
260,5/2/2023,5/2/2023,ABCD,749
261,2/9/2023,2/9/2023,5678,791
262,11/21/2023,11/21/2023,QWER,44
263,3/22/2023,3/22/2023,ZXCV,291
264,5/14/2023,5/14/2023,LKJH,649
265,2/23/2023,2/23/2023,5432,580
266,10/30/2023,10/30/2023,1234,722
267,6/2/2023,6/2/2023,UIOP,919
268,5/23/2023,5/23/2023,UIOP,540
269,2/10/2023,2/10/2023,1234,971
270,12/22/2023,12/22/2023,5678,587
271,4/10/2023,4/10/2023,LKJH,933
272,11/10/2023,11/10/2023,WXYZ,159
273,2/20/2023,2/20/2023,QWER,2
274,9/7/2023,9/7/2023,WXYZ,384
275,6/1/2023,6/1/2023,POIU,852
276,9/30/2023,9/30/2023,ASDF,656
277,12/13/2023,12/13/2023,LKJH,698
278,7/12/2023,7/12/2023,ABCD,676
279,5/10/2023,5/10/2023,9876,28
280,1/3/2023,1/3/2023,UIOP,988
281,3/5/2023,3/5/2023,ZXCV,956
282,1/26/2023,1/26/2023,QWER,421
283,10/28/2023,10/28/2023,5432,731
284,4/29/2023,4/29/2023,WXYZ,105
285,1/26/2023,1/26/2023,9876,939
286,1/27/2023,1/27/2023,0987,378
287,4/17/2023,4/17/2023,LKJH,9
288,10/10/2023,10/10/2023,WXYZ,893
289,8/29/2023,8/29/2023,1234,473
290,9/17/2023,9/17/2023,QWERTY,423
291,3/28/2023,3/28/2023,0987,527
292,4/28/2023,4/28/2023,LKJH,676
293,10/20/2023,10/20/2023,ZXCV,964
294,6/7/2023,6/7/2023,ZXCV,283
295,12/20/2023,12/20/2023,ZXCV,970
296,6/15/2023,6/15/2023,0987,804
297,2/13/2023,2/13/2023,0987,69
298,4/2/2023,4/2/2023,5432,341
299,3/4/2023,3/4/2023,POIU,674
300,12/25/2023,12/25/2023,1234,50
301,8/20/2023,8/20/2023,ASDF,926
302,7/31/2023,7/31/2023,ZXCV,364
303,12/25/2023,12/25/2023,5432,153
304,5/8/2023,5/8/2023,ABCD,844
305,4/22/2023,4/22/2023,ASDF,516
306,6/23/2023,6/23/2023,QWERTY,72
307,5/23/2023,5/23/2023,5678,715
308,4/8/2023,4/8/2023,QWER,32
309,9/8/2023,9/8/2023,WXYZ,222
310,1/3/2023,1/3/2023,9876,157
311,1/27/2023,1/27/2023,QWERTY,383
312,2/27/2023,2/27/2023,9876,979
313,7/12/2023,7/12/2023,MNBV,176
314,12/28/2023,12/28/2023,ABCD,862
315,2/10/2023,2/10/2023,ABCD,913
316,11/10/2023,11/10/2023,5678,211
317,8/24/2023,8/24/2023,QWER,643
318,7/16/2023,7/16/2023,QWERTY,291
319,6/20/2023,6/20/2023,ABCD,102
320,8/3/2023,8/3/2023,5432,492
321,1/12/2023,1/12/2023,ZXCV,968
322,6/19/2023,6/19/2023,ABCD,465
323,2/1/2023,2/1/2023,WXYZ,459
324,3/3/2023,3/3/2023,5432,189
325,3/16/2023,3/16/2023,5678,27
326,9/1/2023,9/1/2023,POIU,632
327,6/9/2023,6/9/2023,QWER,350
328,10/5/2023,10/5/2023,1234,423
329,6/28/2023,6/28/2023,9876,408
330,7/2/2023,7/2/2023,ABCD,738
331,1/25/2023,1/25/2023,9876,882
332,4/5/2023,4/5/2023,QWER,20
333,9/4/2023,9/4/2023,5432,26
334,9/14/2023,9/14/2023,QWER,931
335,11/18/2023,11/18/2023,0987,611
336,6/21/2023,6/21/2023,9876,659
337,12/12/2023,12/12/2023,UIOP,957
338,11/17/2023,11/17/2023,0987,681
339,8/9/2023,8/9/2023,1234,400
340,4/24/2023,4/24/2023,9876,338
341,6/14/2023,6/14/2023,9876,146
342,9/18/2023,9/18/2023,0987,602
343,9/7/2023,9/7/2023,ZXCV,389
344,9/8/2023,9/8/2023,ASDF,994
345,12/16/2023,12/16/2023,QWERTY,812
346,3/17/2023,3/17/2023,UIOP,182
347,12/27/2023,12/27/2023,5432,271
348,10/20/2023,10/20/2023,1234,510
349,4/18/2023,4/18/2023,ABCD,386
350,5/6/2023,5/6/2023,ZXCV,639
351,5/1/2023,5/1/2023,5678,736
352,1/18/2023,1/18/2023,POIU,725
353,8/22/2023,8/22/2023,QWERTY,981
354,10/15/2023,10/15/2023,UIOP,344
355,7/17/2023,7/17/2023,UIOP,330
356,5/21/2023,5/21/2023,MNBV,776
357,10/16/2023,10/16/2023,QWER,536
358,12/17/2023,12/17/2023,0987,681
359,11/2/2023,11/2/2023,0987,282
360,6/19/2023,6/19/2023,LKJH,113
361,3/26/2023,3/26/2023,LKJH,98
362,2/24/2023,2/24/2023,ABCD,727
363,8/15/2023,8/15/2023,ZXCV,127
364,10/3/2023,10/3/2023,ABCD,591
365,11/23/2023,11/23/2023,LKJH,619
366,9/1/2023,9/1/2023,0987,976
367,4/7/2023,4/7/2023,5678,588
368,6/22/2023,6/22/2023,5678,662
369,8/17/2023,8/17/2023,QWERTY,473
370,7/18/2023,7/18/2023,LKJH,635
371,10/30/2023,10/30/2023,MNBV,766
372,6/1/2023,6/1/2023,1234,543
373,3/2/2023,3/2/2023,5678,162
374,8/20/2023,8/20/2023,0987,655
375,12/27/2023,12/27/2023,QWER,62
376,7/31/2023,7/31/2023,9876,483
377,6/24/2023,6/24/2023,ZXCV,64
378,2/15/2023,2/15/2023,5432,871
379,10/4/2023,10/4/2023,UIOP,475
380,7/6/2023,7/6/2023,5678,207
381,8/14/2023,8/14/2023,UIOP,786
382,1/2/2023,1/2/2023,0987,161
383,9/25/2023,9/25/2023,POIU,678
384,5/14/2023,5/14/2023,1234,186
385,9/25/2023,9/25/2023,LKJH,87
386,8/2/2023,8/2/2023,WXYZ,24
387,6/13/2023,6/13/2023,9876,837
388,11/27/2023,11/27/2023,9876,999
389,10/11/2023,10/11/2023,ASDF,843
390,4/2/2023,4/2/2023,1234,117
391,6/30/2023,6/30/2023,QWER,566
392,11/26/2023,11/26/2023,LKJH,743
393,2/28/2023,2/28/2023,UIOP,834
394,9/12/2023,9/12/2023,1234,288
395,12/22/2023,12/22/2023,LKJH,962
396,5/17/2023,5/17/2023,0987,40
397,6/20/2023,6/20/2023,ZXCV,601
398,6/3/2023,6/3/2023,UIOP,416
399,9/26/2023,9/26/2023,QWERTY,189
400,1/6/2023,1/6/2023,QWERTY,88
401,6/7/2023,6/7/2023,QWER,941
402,10/6/2023,10/6/2023,LKJH,700
403,1/4/2023,1/4/2023,5678,509
404,6/9/2023,6/9/2023,5432,293
405,7/16/2023,7/16/2023,5432,957
406,1/28/2023,1/28/2023,5678,112
407,2/22/2023,2/22/2023,ZXCV,573
408,12/20/2023,12/20/2023,ASDF,873
409,8/8/2023,8/8/2023,5432,399
410,5/11/2023,5/11/2023,MNBV,692
411,1/9/2023,1/9/2023,0987,723
412,3/12/2023,3/12/2023,WXYZ,203
413,3/31/2023,3/31/2023,5678,354
414,11/6/2023,11/6/2023,ABCD,762
415,2/25/2023,2/25/2023,WXYZ,951
416,9/2/2023,9/2/2023,QWERTY,884
417,10/9/2023,10/9/2023,0987,859
418,8/4/2023,8/4/2023,5432,933
419,4/21/2023,4/21/2023,1234,853
420,11/3/2023,11/3/2023,POIU,634
421,4/9/2023,4/9/2023,POIU,765
422,4/6/2023,4/6/2023,WXYZ,389
423,9/23/2023,9/23/2023,5678,291
424,8/8/2023,8/8/2023,WXYZ,874
425,12/4/2023,12/4/2023,5678,276
426,8/15/2023,8/15/2023,ASDF,225
427,5/17/2023,5/17/2023,POIU,574
428,4/16/2023,4/16/2023,WXYZ,620
429,8/12/2023,8/12/2023,LKJH,356
430,9/17/2023,9/17/2023,QWER,740
431,8/25/2023,8/25/2023,POIU,301
432,7/21/2023,7/21/2023,QWER,508
433,5/31/2023,5/31/2023,UIOP,378
434,12/2/2023,12/2/2023,UIOP,845
435,6/9/2023,6/9/2023,UIOP,638
436,11/14/2023,11/14/2023,ZXCV,996
437,6/16/2023,6/16/2023,LKJH,706
438,10/25/2023,10/25/2023,QWER,652
439,1/3/2023,1/3/2023,LKJH,912
440,8/17/2023,8/17/2023,ABCD,699
441,8/16/2023,8/16/2023,UIOP,196
442,4/29/2023,4/29/2023,0987,687
443,11/11/2023,11/11/2023,1234,408
444,4/8/2023,4/8/2023,ZXCV,130
445,10/11/2023,10/11/2023,9876,8
446,10/29/2023,10/29/2023,ASDF,473
447,7/10/2023,7/10/2023,WXYZ,363
448,10/15/2023,10/15/2023,ASDF,128
449,7/30/2023,7/30/2023,0987,451
450,1/13/2023,1/13/2023,5678,310
451,4/26/2023,4/26/2023,QWER,295
452,7/27/2023,7/27/2023,0987,486
453,2/18/2023,2/18/2023,POIU,402
454,3/15/2023,3/15/2023,9876,314
455,9/16/2023,9/16/2023,QWERTY,208
456,9/3/2023,9/3/2023,1234,167
457,3/11/2023,3/11/2023,5678,546
458,3/29/2023,3/29/2023,QWER,787
459,7/15/2023,7/15/2023,5678,696
460,12/23/2023,12/23/2023,WXYZ,834
461,12/2/2023,12/2/2023,POIU,318
462,1/25/2023,1/25/2023,0987,105
463,4/2/2023,4/2/2023,UIOP,990
464,12/26/2023,12/26/2023,5432,311
465,9/24/2023,9/24/2023,WXYZ,242
466,3/26/2023,3/26/2023,QWER,831
467,6/21/2023,6/21/2023,1234,843
468,8/18/2023,8/18/2023,WXYZ,182
469,11/29/2023,11/29/2023,1234,963
470,1/25/2023,1/25/2023,1234,694
471,7/3/2023,7/3/2023,ZXCV,337
472,6/20/2023,6/20/2023,5432,278
473,8/2/2023,8/2/2023,ASDF,911
474,12/8/2023,12/8/2023,WXYZ,356
475,6/7/2023,6/7/2023,ZXCV,318
476,2/5/2023,2/5/2023,ASDF,824
477,3/1/2023,3/1/2023,UIOP,585
478,3/24/2023,3/24/2023,5432,560
479,11/1/2023,11/1/2023,5678,546
480,11/28/2023,11/28/2023,ABCD,737
481,2/1/2023,2/1/2023,QWERTY,584
482,9/16/2023,9/16/2023,WXYZ,56
483,12/15/2023,12/15/2023,5432,897
484,7/26/2023,7/26/2023,9876,338
485,11/27/2023,11/27/2023,0987,983
486,5/8/2023,5/8/2023,POIU,598
487,12/1/2023,12/1/2023,1234,85
488,7/6/2023,7/6/2023,QWERTY,676
489,4/7/2023,4/7/2023,QWER,617
490,5/23/2023,5/23/2023,5678,924
491,3/11/2023,3/11/2023,9876,369
492,11/16/2023,11/16/2023,LKJH,731
493,7/10/2023,7/10/2023,1234,341
494,2/15/2023,2/15/2023,5678,677
495,7/7/2023,7/7/2023,ASDF,441
496,12/25/2023,12/25/2023,MNBV,15
497,1/16/2023,1/16/2023,9876,870
498,3/29/2023,3/29/2023,QWERTY,207
499,2/23/2023,2/23/2023,LKJH,843
500,6/27/2023,6/27/2023,5432,140
501,5/16/2023,5/16/2023,5432,771
502,10/26/2023,10/26/2023,9876,994
503,2/26/2023,2/26/2023,5432,835
504,7/3/2023,7/3/2023,9876,178
505,8/7/2023,8/7/2023,LKJH,100
506,5/1/2023,5/1/2023,POIU,76
507,12/28/2023,12/28/2023,1234,101
508,11/4/2023,11/4/2023,QWER,954
509,5/4/2023,5/4/2023,1234,813
510,6/15/2023,6/15/2023,ASDF,371
511,3/31/2023,3/31/2023,9876,786
512,10/7/2023,10/7/2023,1234,551
513,1/10/2023,1/10/2023,5678,120
514,7/18/2023,7/18/2023,QWER,370
515,8/26/2023,8/26/2023,9876,744
516,3/4/2023,3/4/2023,ABCD,556
517,7/27/2023,7/27/2023,WXYZ,192
518,4/22/2023,4/22/2023,QWER,642
519,10/1/2023,10/1/2023,QWER,711
520,7/6/2023,7/6/2023,POIU,103
521,2/7/2023,2/7/2023,WXYZ,539
522,2/25/2023,2/25/2023,5432,55
523,12/13/2023,12/13/2023,1234,641
524,12/22/2023,12/22/2023,LKJH,948
525,10/26/2023,10/26/2023,5432,501
526,1/31/2023,1/31/2023,0987,962
527,9/27/2023,9/27/2023,UIOP,174
528,4/4/2023,4/4/2023,ABCD,917
529,11/14/2023,11/14/2023,MNBV,300
530,12/2/2023,12/2/2023,LKJH,303
531,5/6/2023,5/6/2023,5432,734
532,10/11/2023,10/11/2023,0987,484
533,4/8/2023,4/8/2023,QWER,182
534,11/28/2023,11/28/2023,ASDF,824
535,1/18/2023,1/18/2023,UIOP,235
536,12/3/2023,12/3/2023,ABCD,495
537,11/6/2023,11/6/2023,UIOP,654
538,4/15/2023,4/15/2023,QWER,656
539,12/2/2023,12/2/2023,9876,58
540,6/1/2023,6/1/2023,MNBV,783
541,6/13/2023,6/13/2023,ABCD,743
542,8/19/2023,8/19/2023,ABCD,258
543,2/20/2023,2/20/2023,1234,41
544,2/18/2023,2/18/2023,LKJH,217
545,9/13/2023,9/13/2023,QWERTY,247
546,7/10/2023,7/10/2023,ZXCV,456
547,9/1/2023,9/1/2023,0987,681
548,5/29/2023,5/29/2023,5432,118
549,4/13/2023,4/13/2023,POIU,779
550,12/28/2023,12/28/2023,UIOP,538
551,2/4/2023,2/4/2023,QWER,237
552,9/15/2023,9/15/2023,5432,97
553,4/9/2023,4/9/2023,0987,21
554,6/29/2023,6/29/2023,QWER,137
555,9/9/2023,9/9/2023,WXYZ,580
556,7/17/2023,7/17/2023,5432,596
557,3/29/2023,3/29/2023,MNBV,653
558,11/2/2023,11/2/2023,POIU,842
559,8/25/2023,8/25/2023,QWERTY,512
560,5/30/2023,5/30/2023,WXYZ,598
561,10/30/2023,10/30/2023,LKJH,989
562,9/5/2023,9/5/2023,5432,524
563,5/21/2023,5/21/2023,LKJH,823
564,8/31/2023,8/31/2023,QWERTY,388
565,5/27/2023,5/27/2023,QWER,786
566,8/26/2023,8/26/2023,ZXCV,159
567,10/26/2023,10/26/2023,UIOP,679
568,2/2/2023,2/2/2023,9876,875
569,6/28/2023,6/28/2023,ABCD,519
570,1/4/2023,1/4/2023,QWERTY,864
571,4/8/2023,4/8/2023,5432,142
572,2/14/2023,2/14/2023,UIOP,384
573,2/10/2023,2/10/2023,QWER,858
574,11/24/2023,11/24/2023,5432,236
575,2/1/2023,2/1/2023,1234,173
576,7/2/2023,7/2/2023,0987,853
577,5/10/2023,5/10/2023,1234,127
578,4/11/2023,4/11/2023,9876,79
579,7/25/2023,7/25/2023,LKJH,842
580,3/2/2023,3/2/2023,ASDF,108
581,12/27/2023,12/27/2023,ASDF,68
582,9/1/2023,9/1/2023,POIU,827
583,2/12/2023,2/12/2023,UIOP,691
584,5/9/2023,5/9/2023,UIOP,373
585,3/30/2023,3/30/2023,WXYZ,116
586,12/11/2023,12/11/2023,QWERTY,412
587,5/7/2023,5/7/2023,QWERTY,684
588,10/26/2023,10/26/2023,POIU,375
589,12/24/2023,12/24/2023,5432,743
590,1/29/2023,1/29/2023,5678,135
591,10/3/2023,10/3/2023,QWER,413
592,10/17/2023,10/17/2023,0987,845
593,12/24/2023,12/24/2023,QWERTY,963
594,7/24/2023,7/24/2023,QWERTY,489
595,9/4/2023,9/4/2023,ZXCV,212
596,2/8/2023,2/8/2023,ABCD,920
597,4/27/2023,4/27/2023,ABCD,130
598,10/28/2023,10/28/2023,UIOP,394
599,8/31/2023,8/31/2023,UIOP,985
600,11/2/2023,11/2/2023,QWER,224
601,4/2/2023,4/2/2023,ABCD,639
602,10/3/2023,10/3/2023,0987,949
603,9/25/2023,9/25/2023,POIU,137
604,9/21/2023,9/21/2023,5432,496
605,7/28/2023,7/28/2023,1234,838
606,5/21/2023,5/21/2023,LKJH,87
607,11/9/2023,11/9/2023,ABCD,948
608,12/3/2023,12/3/2023,ZXCV,215
609,9/7/2023,9/7/2023,5432,746
610,8/25/2023,8/25/2023,UIOP,225
611,10/25/2023,10/25/2023,LKJH,790
612,3/11/2023,3/11/2023,ZXCV,934
613,4/22/2023,4/22/2023,WXYZ,26
614,11/13/2023,11/13/2023,0987,810
615,12/5/2023,12/5/2023,QWERTY,962
616,1/22/2023,1/22/2023,ZXCV,956
617,10/10/2023,10/10/2023,WXYZ,837
618,2/11/2023,2/11/2023,5432,476
619,11/27/2023,11/27/2023,ASDF,385
620,1/14/2023,1/14/2023,9876,803
621,2/6/2023,2/6/2023,ASDF,670
622,3/10/2023,3/10/2023,1234,159
623,5/19/2023,5/19/2023,1234,183
624,4/19/2023,4/19/2023,LKJH,594
625,2/10/2023,2/10/2023,QWERTY,853
626,7/29/2023,7/29/2023,QWER,692
627,9/16/2023,9/16/2023,9876,954
628,6/1/2023,6/1/2023,MNBV,749
629,7/6/2023,7/6/2023,ASDF,330
630,12/9/2023,12/9/2023,QWERTY,956
631,6/9/2023,6/9/2023,UIOP,752
632,10/22/2023,10/22/2023,ZXCV,614
633,3/30/2023,3/30/2023,9876,952
634,6/3/2023,6/3/2023,MNBV,878
635,9/24/2023,9/24/2023,1234,126
636,6/8/2023,6/8/2023,9876,739
637,8/24/2023,8/24/2023,WXYZ,988
638,2/19/2023,2/19/2023,1234,353
639,2/20/2023,2/20/2023,QWERTY,623
640,6/16/2023,6/16/2023,5678,11
641,2/28/2023,2/28/2023,UIOP,624
642,7/20/2023,7/20/2023,ASDF,240
643,5/10/2023,5/10/2023,1234,5
644,11/8/2023,11/8/2023,POIU,651
645,6/7/2023,6/7/2023,ABCD,902
646,5/4/2023,5/4/2023,5678,233
647,8/18/2023,8/18/2023,LKJH,625
648,10/6/2023,10/6/2023,1234,508
649,3/2/2023,3/2/2023,0987,943
650,8/19/2023,8/19/2023,ZXCV,276
651,10/19/2023,10/19/2023,0987,227
652,7/26/2023,7/26/2023,5432,64
653,2/20/2023,2/20/2023,0987,826
654,6/2/2023,6/2/2023,1234,747
655,10/29/2023,10/29/2023,ABCD,145
656,12/2/2023,12/2/2023,5432,590
657,1/3/2023,1/3/2023,ASDF,888
658,3/4/2023,3/4/2023,QWER,318
659,1/19/2023,1/19/2023,LKJH,82
660,9/25/2023,9/25/2023,QWERTY,771
661,8/7/2023,8/7/2023,QWERTY,956
662,10/23/2023,10/23/2023,0987,649
663,4/18/2023,4/18/2023,1234,587
664,6/8/2023,6/8/2023,1234,371
665,3/30/2023,3/30/2023,POIU,368
666,11/20/2023,11/20/2023,ASDF,575
667,9/13/2023,9/13/2023,ZXCV,791
668,7/14/2023,7/14/2023,1234,380
669,4/11/2023,4/11/2023,1234,644
670,10/30/2023,10/30/2023,UIOP,355
671,5/15/2023,5/15/2023,5678,687
672,12/26/2023,12/26/2023,1234,618
673,7/14/2023,7/14/2023,LKJH,99
674,1/26/2023,1/26/2023,ABCD,324
675,6/7/2023,6/7/2023,POIU,913
676,5/16/2023,5/16/2023,LKJH,739
677,5/28/2023,5/28/2023,WXYZ,351
678,1/2/2023,1/2/2023,POIU,245
679,7/19/2023,7/19/2023,9876,286
680,5/11/2023,5/11/2023,QWERTY,988
681,6/29/2023,6/29/2023,5678,853
682,10/24/2023,10/24/2023,ASDF,934
683,9/29/2023,9/29/2023,9876,72
684,12/18/2023,12/18/2023,ASDF,161
685,7/28/2023,7/28/2023,1234,134
686,2/3/2023,2/3/2023,ASDF,634
687,3/18/2023,3/18/2023,ZXCV,2
688,7/11/2023,7/11/2023,POIU,550
689,8/19/2023,8/19/2023,5678,994
690,1/18/2023,1/18/2023,5432,979
691,9/5/2023,9/5/2023,5432,325
692,2/19/2023,2/19/2023,ABCD,620
693,11/30/2023,11/30/2023,QWERTY,919
694,9/18/2023,9/18/2023,5678,659
695,6/15/2023,6/15/2023,ASDF,561
696,5/2/2023,5/2/2023,POIU,635
697,12/6/2023,12/6/2023,ZXCV,702
698,6/19/2023,6/19/2023,5678,407
699,1/29/2023,1/29/2023,ASDF,340
700,7/3/2023,7/3/2023,ASDF,415
701,1/19/2023,1/19/2023,ZXCV,399
702,10/31/2023,10/31/2023,ABCD,582
703,1/27/2023,1/27/2023,0987,12
704,2/10/2023,2/10/2023,ABCD,329
705,4/20/2023,4/20/2023,QWERTY,595
706,11/24/2023,11/24/2023,WXYZ,274
707,8/9/2023,8/9/2023,POIU,553
708,10/29/2023,10/29/2023,LKJH,8
709,10/20/2023,10/20/2023,LKJH,531
710,8/31/2023,8/31/2023,LKJH,697
711,1/14/2023,1/14/2023,QWERTY,10
712,8/10/2023,8/10/2023,1234,827
713,1/14/2023,1/14/2023,QWERTY,818
714,12/22/2023,12/22/2023,QWER,315
715,6/29/2023,6/29/2023,5678,262
716,8/4/2023,8/4/2023,UIOP,173
717,1/8/2023,1/8/2023,5432,824
718,11/23/2023,11/23/2023,0987,604
719,7/10/2023,7/10/2023,QWERTY,125
720,7/11/2023,7/11/2023,0987,611
721,5/28/2023,5/28/2023,LKJH,909
722,5/17/2023,5/17/2023,QWERTY,755
723,2/27/2023,2/27/2023,0987,399
724,3/14/2023,3/14/2023,UIOP,432
725,10/16/2023,10/16/2023,9876,316
726,8/3/2023,8/3/2023,POIU,22
727,4/2/2023,4/2/2023,ZXCV,834
728,3/25/2023,3/25/2023,1234,704
729,8/4/2023,8/4/2023,5678,338
730,4/5/2023,4/5/2023,ZXCV,336
731,12/21/2023,12/21/2023,5432,607
732,7/15/2023,7/15/2023,WXYZ,716
733,1/4/2023,1/4/2023,5678,442
734,8/22/2023,8/22/2023,ABCD,271
735,11/5/2023,11/5/2023,MNBV,460
736,9/12/2023,9/12/2023,UIOP,941
737,4/9/2023,4/9/2023,5678,37
738,10/20/2023,10/20/2023,5678,463
739,1/13/2023,1/13/2023,UIOP,159
740,10/25/2023,10/25/2023,ASDF,754
741,10/22/2023,10/22/2023,5432,92
742,7/9/2023,7/9/2023,1234,562
743,1/27/2023,1/27/2023,QWER,616
744,9/16/2023,9/16/2023,0987,571
745,4/8/2023,4/8/2023,ABCD,770
746,1/20/2023,1/20/2023,5432,634
747,6/15/2023,6/15/2023,WXYZ,604
748,8/26/2023,8/26/2023,POIU,258
749,4/10/2023,4/10/2023,5432,665
750,3/1/2023,3/1/2023,POIU,629
751,6/30/2023,6/30/2023,QWER,573
752,5/18/2023,5/18/2023,9876,204
753,11/23/2023,11/23/2023,UIOP,191
754,1/16/2023,1/16/2023,5678,444
755,12/19/2023,12/19/2023,ABCD,293
756,5/2/2023,5/2/2023,LKJH,372
757,7/27/2023,7/27/2023,UIOP,33
758,2/2/2023,2/2/2023,WXYZ,367
759,8/3/2023,8/3/2023,UIOP,551
760,2/3/2023,2/3/2023,LKJH,723
761,11/8/2023,11/8/2023,ASDF,940
762,11/19/2023,11/19/2023,POIU,179
763,7/17/2023,7/17/2023,WXYZ,781
764,12/26/2023,12/26/2023,5432,227
765,4/20/2023,4/20/2023,QWERTY,561
766,3/12/2023,3/12/2023,ABCD,484
767,1/21/2023,1/21/2023,WXYZ,489
768,1/28/2023,1/28/2023,UIOP,918
769,10/31/2023,10/31/2023,UIOP,672
770,2/27/2023,2/27/2023,WXYZ,571
771,7/25/2023,7/25/2023,5678,703
772,7/22/2023,7/22/2023,5678,884
773,12/2/2023,12/2/2023,UIOP,160
774,5/29/2023,5/29/2023,WXYZ,135
775,5/12/2023,5/12/2023,1234,96
776,4/17/2023,4/17/2023,9876,600
777,11/20/2023,11/20/2023,0987,88
778,10/6/2023,10/6/2023,POIU,293
779,6/5/2023,6/5/2023,ZXCV,590
780,5/31/2023,5/31/2023,ZXCV,250
781,8/15/2023,8/15/2023,ZXCV,472
782,5/26/2023,5/26/2023,ABCD,545
783,2/13/2023,2/13/2023,5432,507
784,2/23/2023,2/23/2023,1234,179
785,4/9/2023,4/9/2023,0987,170
786,10/10/2023,10/10/2023,0987,175
787,10/5/2023,10/5/2023,9876,920
788,8/6/2023,8/6/2023,0987,537
789,2/16/2023,2/16/2023,0987,198
790,8/1/2023,8/1/2023,QWER,324
791,11/27/2023,11/27/2023,QWER,202
792,4/15/2023,4/15/2023,ZXCV,385
793,6/18/2023,6/18/2023,POIU,4
794,6/24/2023,6/24/2023,LKJH,981
795,4/27/2023,4/27/2023,ASDF,662
796,3/31/2023,3/31/2023,1234,399
797,7/20/2023,7/20/2023,0987,614
798,3/30/2023,3/30/2023,9876,66
799,7/16/2023,7/16/2023,ZXCV,470
800,9/4/2023,9/4/2023,QWERTY,394
801,5/16/2023,5/16/2023,ASDF,646
802,1/21/2023,1/21/2023,POIU,465
803,6/22/2023,6/22/2023,5432,956
804,9/3/2023,9/3/2023,MNBV,268
805,9/15/2023,9/15/2023,ZXCV,366
806,3/26/2023,3/26/2023,1234,924
807,4/29/2023,4/29/2023,0987,353
808,2/28/2023,2/28/2023,UIOP,951
809,12/2/2023,12/2/2023,0987,983
810,9/26/2023,9/26/2023,QWERTY,683
811,3/7/2023,3/7/2023,POIU,807
812,6/15/2023,6/15/2023,0987,32
813,9/2/2023,9/2/2023,POIU,714
814,2/1/2023,2/1/2023,POIU,75
815,12/11/2023,12/11/2023,5432,774
816,4/17/2023,4/17/2023,POIU,840
817,10/9/2023,10/9/2023,QWERTY,158
818,7/26/2023,7/26/2023,ABCD,50
819,5/18/2023,5/18/2023,5432,37
820,2/3/2023,2/3/2023,POIU,729
821,11/28/2023,11/28/2023,5432,972
822,2/18/2023,2/18/2023,LKJH,9
823,5/24/2023,5/24/2023,ZXCV,810
824,3/18/2023,3/18/2023,ASDF,636
825,6/8/2023,6/8/2023,ABCD,97
826,9/4/2023,9/4/2023,5432,430
827,10/27/2023,10/27/2023,ZXCV,5
828,12/16/2023,12/16/2023,QWER,199
829,8/7/2023,8/7/2023,1234,335
830,6/26/2023,6/26/2023,ASDF,472
831,5/30/2023,5/30/2023,LKJH,590
832,7/11/2023,7/11/2023,WXYZ,592
833,11/14/2023,11/14/2023,QWER,287
834,4/10/2023,4/10/2023,5678,922
835,11/3/2023,11/3/2023,5678,776
836,6/10/2023,6/10/2023,QWER,976
837,4/5/2023,4/5/2023,0987,330
838,8/19/2023,8/19/2023,QWERTY,804
839,6/3/2023,6/3/2023,1234,245
840,2/1/2023,2/1/2023,QWERTY,383
841,12/9/2023,12/9/2023,ASDF,193
842,1/8/2023,1/8/2023,LKJH,713
843,7/3/2023,7/3/2023,0987,707
844,10/14/2023,10/14/2023,9876,823
845,10/15/2023,10/15/2023,ASDF,620
846,12/9/2023,12/9/2023,9876,156
847,3/3/2023,3/3/2023,5432,386
848,8/21/2023,8/21/2023,QWERTY,87
849,5/23/2023,5/23/2023,POIU,762
850,3/30/2023,3/30/2023,1234,138
851,2/2/2023,2/2/2023,5678,48
852,12/2/2023,12/2/2023,ABCD,180
853,8/31/2023,8/31/2023,ABCD,584
854,1/27/2023,1/27/2023,POIU,752
855,8/18/2023,8/18/2023,0987,821
856,5/9/2023,5/9/2023,5432,161
857,8/14/2023,8/14/2023,ABCD,698
858,6/29/2023,6/29/2023,5678,361
859,7/26/2023,7/26/2023,ZXCV,608
860,3/23/2023,3/23/2023,0987,363
861,4/12/2023,4/12/2023,5432,614
862,11/4/2023,11/4/2023,0987,402
863,8/13/2023,8/13/2023,5678,25
864,10/4/2023,10/4/2023,WXYZ,543
865,5/13/2023,5/13/2023,LKJH,392
866,3/24/2023,3/24/2023,POIU,226
867,11/29/2023,11/29/2023,ASDF,881
868,10/11/2023,10/11/2023,POIU,47
869,8/15/2023,8/15/2023,9876,781
870,9/26/2023,9/26/2023,0987,340
871,5/24/2023,5/24/2023,5678,86
872,1/3/2023,1/3/2023,5678,907
873,6/30/2023,6/30/2023,5678,526
874,6/26/2023,6/26/2023,ZXCV,775
875,6/13/2023,6/13/2023,5432,595
876,11/13/2023,11/13/2023,QWERTY,851
877,12/16/2023,12/16/2023,QWERTY,21
878,6/16/2023,6/16/2023,5678,411
879,6/3/2023,6/3/2023,LKJH,977
880,8/6/2023,8/6/2023,5678,188
881,4/7/2023,4/7/2023,WXYZ,825
882,3/8/2023,3/8/2023,UIOP,450
883,2/11/2023,2/11/2023,1234,612
884,7/28/2023,7/28/2023,WXYZ,244
885,3/8/2023,3/8/2023,ZXCV,549
886,8/17/2023,8/17/2023,UIOP,699
887,8/18/2023,8/18/2023,ASDF,335
888,4/30/2023,4/30/2023,0987,454
889,11/5/2023,11/5/2023,1234,605
890,2/28/2023,2/28/2023,0987,551
891,8/26/2023,8/26/2023,0987,249
892,1/23/2023,1/23/2023,POIU,666
893,7/1/2023,7/1/2023,5678,92
894,5/1/2023,5/1/2023,0987,316
895,8/5/2023,8/5/2023,ASDF,198
896,2/12/2023,2/12/2023,UIOP,778
897,4/16/2023,4/16/2023,0987,712
898,4/18/2023,4/18/2023,9876,867
899,4/24/2023,4/24/2023,LKJH,618
900,10/2/2023,10/2/2023,0987,170
901,11/17/2023,11/17/2023,POIU,284
902,6/5/2023,6/5/2023,UIOP,79
903,11/11/2023,11/11/2023,1234,733
904,12/12/2023,12/12/2023,QWERTY,690
905,5/20/2023,5/20/2023,ABCD,594
906,3/13/2023,3/13/2023,5678,595
907,1/29/2023,1/29/2023,0987,729
908,2/22/2023,2/22/2023,WXYZ,292
909,9/16/2023,9/16/2023,5432,640
910,8/18/2023,8/18/2023,0987,686
911,7/5/2023,7/5/2023,9876,668
912,7/17/2023,7/17/2023,POIU,862
913,2/5/2023,2/5/2023,UIOP,12
914,7/23/2023,7/23/2023,UIOP,823
915,7/18/2023,7/18/2023,LKJH,670
916,11/20/2023,11/20/2023,ABCD,223
917,10/10/2023,10/10/2023,POIU,553
918,4/24/2023,4/24/2023,ASDF,438
919,4/11/2023,4/11/2023,UIOP,796
920,12/18/2023,12/18/2023,WXYZ,913
921,7/5/2023,7/5/2023,9876,389
922,12/2/2023,12/2/2023,1234,474
923,8/29/2023,8/29/2023,WXYZ,507
924,3/12/2023,3/12/2023,QWER,858
925,2/3/2023,2/3/2023,5432,494
926,3/8/2023,3/8/2023,5678,909
927,4/30/2023,4/30/2023,1234,482
928,1/14/2023,1/14/2023,QWER,18
929,3/13/2023,3/13/2023,POIU,851
930,12/18/2023,12/18/2023,UIOP,565
931,7/20/2023,7/20/2023,1234,662
932,1/31/2023,1/31/2023,ABCD,355
933,1/13/2023,1/13/2023,5678,421
934,9/15/2023,9/15/2023,1234,811
935,6/11/2023,6/11/2023,WXYZ,337
936,11/29/2023,11/29/2023,LKJH,447
937,3/27/2023,3/27/2023,0987,523
938,5/13/2023,5/13/2023,QWER,839
939,9/6/2023,9/6/2023,5678,399
940,12/2/2023,12/2/2023,MNBV,585
941,3/24/2023,3/24/2023,QWERTY,736
942,8/6/2023,8/6/2023,1234,386
943,2/17/2023,2/17/2023,5432,474
944,2/19/2023,2/19/2023,ZXCV,458
945,10/26/2023,10/26/2023,UIOP,41
946,11/9/2023,11/9/2023,5432,255
947,6/24/2023,6/24/2023,ABCD,193
948,3/29/2023,3/29/2023,ZXCV,19
949,10/2/2023,10/2/2023,ZXCV,472
950,5/12/2023,5/12/2023,1234,124
951,12/25/2023,12/25/2023,0987,48
952,2/24/2023,2/24/2023,1234,869
953,12/7/2023,12/7/2023,POIU,354
954,1/26/2023,1/26/2023,ASDF,230
955,6/21/2023,6/21/2023,MNBV,709
956,9/15/2023,9/15/2023,ASDF,477
957,11/29/2023,11/29/2023,UIOP,600
958,2/20/2023,2/20/2023,ASDF,252
959,2/8/2023,2/8/2023,WXYZ,804
960,9/28/2023,9/28/2023,ASDF,382
961,9/29/2023,9/29/2023,ABCD,831
962,3/21/2023,3/21/2023,MNBV,403
963,3/9/2023,3/9/2023,1234,632
964,11/20/2023,11/20/2023,5678,852
965,5/5/2023,5/5/2023,ABCD,205
966,5/9/2023,5/9/2023,QWER,180
967,12/6/2023,12/6/2023,QWER,597
968,2/18/2023,2/18/2023,QWER,727
969,8/26/2023,8/26/2023,9876,90
970,6/13/2023,6/13/2023,ASDF,211
971,4/8/2023,4/8/2023,0987,136
972,12/9/2023,12/9/2023,LKJH,566
973,3/7/2023,3/7/2023,5678,111
974,8/3/2023,8/3/2023,0987,345
975,12/30/2023,12/30/2023,1234,546
976,7/26/2023,7/26/2023,1234,992
977,4/9/2023,4/9/2023,5432,175
978,9/14/2023,9/14/2023,QWERTY,771
979,11/11/2023,11/11/2023,QWER,446
980,4/19/2023,4/19/2023,9876,556
981,6/21/2023,6/21/2023,0987,210
982,6/30/2023,6/30/2023,ASDF,212
983,7/14/2023,7/14/2023,1234,169
984,5/12/2023,5/12/2023,ABCD,386
985,9/12/2023,9/12/2023,0987,107
986,5/19/2023,5/19/2023,QWER,849
987,9/1/2023,9/1/2023,1234,247
988,2/4/2023,2/4/2023,ASDF,417
989,11/6/2023,11/6/2023,5432,791
990,2/20/2023,2/20/2023,5678,730
991,7/15/2023,7/15/2023,9876,664
992,2/27/2023,2/27/2023,0987,551
993,10/27/2023,10/27/2023,MNBV,518
994,1/12/2023,1/12/2023,ZXCV,55
995,1/5/2023,1/5/2023,MNBV,651
996,9/19/2023,9/19/2023,POIU,627
997,9/16/2023,9/16/2023,POIU,214
998,9/16/2023,9/16/2023,QWERTY,693
999,6/6/2023,6/6/2023,WXYZ,971
1000,6/7/2023,6/7/2023,MNBV,973
