id,create_time,update_time,name,price,product_category_id,product_spu_id
1,2023-04-19,2023-04-19,Cabbage Roll,29.6,316,179
2,2023-01-27,2023-01-27,"Juice - Orange, 341 Ml",36.6,116,184
3,2023-10-13,2023-10-13,Juice - Lagoon Mango,13.4,280,55
4,2023-05-18,2023-05-18,Bread - Raisin,6.1,225,51
5,2023-01-15,2023-01-15,Long Island Ice Tea,14.2,178,164
6,2023-08-18,2023-08-18,Coconut - Whole,41.5,813,2
7,2023-02-04,2023-02-04,Plasticknivesblack,8.5,833,18
8,2023-10-10,2023-10-10,Icecream - Dstk Super Cone,21.1,431,135
9,2023-03-14,2023-03-14,Coffee Decaf Colombian,35.9,591,3
10,2023-10-24,2023-10-24,"Squash - Pattypan, Yellow",3.6,171,159
11,2023-07-20,2023-07-20,Corn Syrup,46.1,852,113
12,2023-09-09,2023-09-09,Lettuce - Frisee,35.9,399,185
13,2023-02-08,2023-02-08,Apricots Fresh,15.6,597,22
14,2023-02-04,2023-02-04,Venison - Striploin,18.1,956,197
15,2023-05-07,2023-05-07,Lime Cordial - Roses,3.1,466,141
16,2023-07-07,2023-07-07,Wine - Ej Gallo Sonoma,33.5,311,108
17,2023-11-20,2023-11-20,Pear - Asian,38.9,672,158
18,2023-05-15,2023-05-15,Wild Boar - Tenderloin,24.7,355,114
19,2023-05-10,2023-05-10,Bread - Petit Baguette,38.1,208,185
20,2023-10-20,2023-10-20,Chinese Foods - Chicken Wing,34.7,248,121
21,2023-08-29,2023-08-29,Beef - Tender Tips,27.3,644,20
22,2023-12-16,2023-12-16,Mussels - Cultivated,23.7,180,152
23,2023-03-22,2023-03-22,"Pasta - Fettuccine, Dry",33.3,369,173
24,2023-08-23,2023-08-23,Cilantro / Coriander - Fresh,39.8,520,193
25,2023-09-27,2023-09-27,Rolled Oats,49.8,414,123
26,2023-06-24,2023-06-24,Lobster - Tail 6 Oz,22.4,167,16
27,2023-08-20,2023-08-20,Pastry - Choclate Baked,29.1,309,188
28,2023-03-08,2023-03-08,"Lamb - Leg, Diced",7.6,156,101
29,2023-11-09,2023-11-09,Appetizer - Chicken Satay,47.2,99,195
30,2023-01-10,2023-01-10,Cheese - Gorgonzola,7.2,814,140
31,2023-05-06,2023-05-06,Plums - Red,18.6,442,37
32,2023-01-31,2023-01-31,"Wine - Red, Marechal Foch",48.8,187,186
33,2023-05-12,2023-05-12,Wine - Baron De Rothschild,19.7,896,134
34,2023-05-10,2023-05-10,Amarula Cream,44.8,675,98
35,2023-07-20,2023-07-20,Potatoes - Yukon Gold 5 Oz,30.6,342,152
36,2023-07-25,2023-07-25,Rice Wine - Aji Mirin,23.2,717,66
37,2023-04-08,2023-04-08,Sugar - White Packet,46.3,949,126
38,2023-02-20,2023-02-20,Pomegranates,28.1,679,15
39,2023-09-18,2023-09-18,Lid Coffeecup 12oz D9542b,17.8,626,96
40,2023-12-18,2023-12-18,Potatoes - Peeled,14.9,702,192
41,2023-10-07,2023-10-07,Quail - Jumbo Boneless,30.8,1,83
42,2023-12-18,2023-12-18,"Sparkling Wine - Rose, Freixenet",11.0,111,12
43,2023-03-26,2023-03-26,"Wine - Magnotta, White",39.2,928,97
44,2023-06-01,2023-06-01,Blue Curacao - Marie Brizard,11.6,967,12
45,2023-11-14,2023-11-14,Salt - Table,2.7,889,8
46,2023-08-21,2023-08-21,Stock - Fish,3.5,777,186
47,2023-01-02,2023-01-02,Wine - Two Oceans Sauvignon,1.8,571,180
48,2023-09-17,2023-09-17,Hersey Shakes,19.2,641,4
49,2023-04-06,2023-04-06,Coffee Cup 12oz 5342cd,41.7,849,178
50,2023-08-05,2023-08-05,Snapple - Iced Tea Peach,34.3,655,21
51,2023-11-25,2023-11-25,Bandage - Fexible 1x3,28.5,210,76
52,2023-09-03,2023-09-03,Appetiser - Bought,6.2,104,37
53,2023-03-16,2023-03-16,Brandy Apricot,42.4,49,33
54,2023-01-27,2023-01-27,Durian Fruit,27.7,305,172
55,2023-01-07,2023-01-07,English Muffin,20.6,762,85
56,2023-10-28,2023-10-28,Gelatine Leaves - Envelopes,40.1,492,120
57,2023-10-31,2023-10-31,Wine - Zinfandel Rosenblum,40.7,105,54
58,2023-03-24,2023-03-24,Soup - Campbells Broccoli,25.3,387,49
59,2023-10-20,2023-10-20,Strawberries - California,32.1,771,113
60,2023-07-04,2023-07-04,Kohlrabi,12.7,487,78
61,2023-05-06,2023-05-06,Maple Syrup,19.8,247,59
62,2023-05-26,2023-05-26,Tomatoes - Yellow Hot House,5.9,418,102
63,2023-08-05,2023-08-05,"Wine - Red, Concha Y Toro",16.5,103,100
64,2023-08-09,2023-08-09,"Club Soda - Schweppes, 355 Ml",27.3,475,142
65,2023-08-20,2023-08-20,Jolt Cola - Red Eye,35.5,217,180
66,2023-10-06,2023-10-06,Sterno - Chafing Dish Fuel,38.3,90,4
67,2023-01-13,2023-01-13,Icecream - Dstk Super Cone,9.3,706,3
68,2023-03-11,2023-03-11,Tomatillo,34.2,944,97
69,2023-08-22,2023-08-22,Crush - Cream Soda,38.7,442,123
70,2023-09-10,2023-09-10,"Bread - Roll, Calabrese",28.4,801,152
71,2023-06-14,2023-06-14,Ecolab - Hobart Upr Prewash Arm,1.3,607,78
72,2023-11-26,2023-11-26,"Wine - Red, Antinori Santa",21.5,197,112
73,2023-09-28,2023-09-28,Ecolab Crystal Fusion,8.3,821,39
74,2023-12-07,2023-12-07,Truffle Cups Green,27.5,522,79
75,2023-01-03,2023-01-03,Fond - Chocolate,5.8,144,142
76,2023-01-30,2023-01-30,Table Cloth 81x81 Colour,42.2,377,184
77,2023-02-24,2023-02-24,Pork - Belly Fresh,5.8,585,95
78,2023-05-09,2023-05-09,Bread - Multigrain Oval,32.3,305,29
79,2023-03-30,2023-03-30,Eel Fresh,22.8,223,76
80,2023-06-21,2023-06-21,Bowl 12 Oz - Showcase 92012,26.7,449,173
81,2023-05-09,2023-05-09,Wiberg Super Cure,26.9,254,191
82,2023-11-23,2023-11-23,French Pastry - Mini Chocolate,27.1,770,12
83,2023-11-27,2023-11-27,"Mushroom - Enoki, Dry",8.7,52,86
84,2023-03-09,2023-03-09,Cut Wakame - Hanawakaba,42.3,64,97
85,2023-05-24,2023-05-24,Puree - Pear,10.7,860,20
86,2023-07-23,2023-07-23,Cheese Cloth No 60,31.6,866,112
87,2023-01-12,2023-01-12,Pastry - Choclate Baked,40.5,724,53
88,2023-12-28,2023-12-28,Beer - Corona,22.3,757,169
89,2023-01-03,2023-01-03,"Pepper - Julienne, Frozen",45.2,585,142
90,2023-04-19,2023-04-19,Samosa - Veg,41.2,453,163
91,2023-05-04,2023-05-04,Nescafe - Frothy French Vanilla,20.1,765,82
92,2023-01-30,2023-01-30,Onions Granulated,33.9,241,137
93,2023-07-07,2023-07-07,Puree - Guava,5.8,27,184
94,2023-02-06,2023-02-06,Sauce - Salsa,11.4,21,132
95,2023-04-11,2023-04-11,"Bread - Roll, Soft White Round",5.7,773,6
96,2023-06-15,2023-06-15,Sobe - Green Tea,46.9,601,19
97,2023-12-11,2023-12-11,"Vermacelli - Sprinkles, Assorted",32.8,488,152
98,2023-10-15,2023-10-15,Pastry - Trippleberry Muffin - Mini,20.9,988,165
99,2023-01-03,2023-01-03,"Bread - Roll, Whole Wheat",18.0,561,87
100,2023-11-23,2023-11-23,Zucchini - Yellow,23.9,396,62
101,2023-02-10,2023-02-10,Sausage - Chorizo,23.0,541,27
102,2023-09-05,2023-09-05,Muffin Batt - Carrot Spice,10.1,717,80
103,2023-05-29,2023-05-29,Lemons,47.7,15,60
104,2023-01-12,2023-01-12,Lotus Rootlets - Canned,37.5,132,124
105,2023-08-12,2023-08-12,Creme De Cacao White,14.0,631,99
106,2023-05-08,2023-05-08,Carroway Seed,35.2,738,166
107,2023-06-19,2023-06-19,Rosemary - Fresh,20.3,212,131
108,2023-10-20,2023-10-20,Muffin Mix - Carrot,33.2,23,178
109,2023-08-31,2023-08-31,Gatorade - Cool Blue Raspberry,43.2,173,71
110,2023-04-19,2023-04-19,"Chocolate - Pistoles, White",21.7,485,156
111,2023-12-17,2023-12-17,Squash - Acorn,1.3,591,119
112,2023-11-02,2023-11-02,Spic And Span All Purpose,39.8,696,114
113,2023-09-27,2023-09-27,Wine - Zonnebloem Pinotage,32.4,715,180
114,2023-08-02,2023-08-02,Mushroom - Chanterelle Frozen,13.8,601,38
115,2023-09-23,2023-09-23,Mix - Cocktail Ice Cream,20.4,83,106
116,2023-01-17,2023-01-17,Bulgar,15.5,245,109
117,2023-06-17,2023-06-17,Cake - Miini Cheesecake Cherry,43.6,552,26
118,2023-07-10,2023-07-10,Ginger - Pickled,41.6,8,58
119,2023-02-08,2023-02-08,Muffin Mix - Chocolate Chip,25.5,578,107
120,2023-05-22,2023-05-22,"Bread - Roll, Italian",29.0,342,75
121,2023-07-08,2023-07-08,Shopper Bag - S - 4,1.1,577,160
122,2023-10-20,2023-10-20,"Lemonade - Natural, 591 Ml",24.2,782,152
123,2023-11-17,2023-11-17,Cookie - Oreo 100x2,18.4,171,70
124,2023-06-13,2023-06-13,Emulsifier,4.4,432,180
125,2023-03-04,2023-03-04,Chip - Potato Dill Pickle,33.2,51,124
126,2023-05-29,2023-05-29,Truffle Paste,36.1,438,138
127,2023-10-15,2023-10-15,Green Tea Refresher,33.5,339,170
128,2023-04-20,2023-04-20,Coffee - 10oz Cup 92961,34.0,616,82
129,2023-01-29,2023-01-29,Carrots - Mini Red Organic,17.3,685,117
130,2023-01-10,2023-01-10,Scotch - Queen Anne,41.5,252,89
131,2023-06-10,2023-06-10,Cheese - Ricotta,49.6,579,29
132,2023-03-10,2023-03-10,"Chicken - Thigh, Bone In",10.0,281,110
133,2023-07-11,2023-07-11,Bar - Sweet And Salty Chocolate,49.7,101,58
134,2023-09-21,2023-09-21,Pastry - Choclate Baked,35.5,928,171
135,2023-02-23,2023-02-23,Table Cloth 54x72 Colour,41.2,845,53
136,2023-12-17,2023-12-17,Tea - English Breakfast,31.1,487,47
137,2023-03-20,2023-03-20,"Napkin - Cocktail,beige 2 - Ply",7.5,886,169
138,2023-12-10,2023-12-10,Foil - 4oz Custard Cup,19.5,763,71
139,2023-06-30,2023-06-30,Gherkin,15.9,676,159
140,2023-08-23,2023-08-23,"Lobster - Tail, 3 - 4 Oz",20.1,489,79
141,2023-07-25,2023-07-25,"Nut - Pecan, Pieces",9.2,616,3
142,2023-07-03,2023-07-03,Pepper Squash,40.0,727,73
143,2023-01-08,2023-01-08,Bread - Mini Hamburger Bun,25.5,221,183
144,2023-12-16,2023-12-16,"Bread - Roll, Soft White Round",43.7,442,49
145,2023-03-31,2023-03-31,Bagels Poppyseed,20.1,673,96
146,2023-03-30,2023-03-30,Table Cloth 54x54 White,22.2,280,182
147,2023-08-07,2023-08-07,"Pork - Butt, Boneless",17.2,863,16
148,2023-12-29,2023-12-29,Pate - Cognac,7.8,815,103
149,2023-03-23,2023-03-23,Beer - Pilsner Urquell,25.2,583,149
150,2023-04-26,2023-04-26,Muffin - Bran Ind Wrpd,6.4,509,10
151,2023-01-20,2023-01-20,"Quail - Eggs, Fresh",22.4,439,156
152,2023-04-25,2023-04-25,Wine - Pinot Noir Stoneleigh,35.3,401,11
153,2023-08-24,2023-08-24,Pumpkin,37.3,753,126
154,2023-02-19,2023-02-19,Tequila Rose Cream Liquor,25.3,66,121
155,2023-11-29,2023-11-29,"Rice Pilaf, Dry,package",13.2,867,132
156,2023-01-30,2023-01-30,"Club Soda - Schweppes, 355 Ml",17.7,789,71
157,2023-04-10,2023-04-10,Parsley Italian - Fresh,45.0,281,182
158,2023-01-18,2023-01-18,Wine - Charddonnay Errazuriz,23.1,586,88
159,2023-01-29,2023-01-29,Lettuce - Baby Salad Greens,36.4,956,189
160,2023-01-30,2023-01-30,Kiwano,28.4,144,113
161,2023-05-06,2023-05-06,Longan,25.5,644,40
162,2023-07-20,2023-07-20,Nantucket Apple Juice,6.7,661,28
163,2023-09-12,2023-09-12,Milk - 2% 250 Ml,42.1,580,3
164,2023-03-07,2023-03-07,Bread - White Mini Epi,9.8,303,114
165,2023-11-07,2023-11-07,Cod - Fillets,25.1,725,11
166,2023-12-25,2023-12-25,Figs,44.7,833,116
167,2023-12-13,2023-12-13,Beer - Original Organic Lager,29.8,182,177
168,2023-10-27,2023-10-27,Bacardi Mojito,23.9,137,98
169,2023-08-06,2023-08-06,Beef - Striploin Aa,46.1,46,186
170,2023-12-08,2023-12-08,Ginger - Fresh,25.2,786,90
171,2023-10-27,2023-10-27,Vaccum Bag - 14x20,6.9,419,153
172,2023-10-12,2023-10-12,"Shrimp - Baby, Cold Water",47.2,250,27
173,2023-10-15,2023-10-15,"Dill - Primerba, Paste",37.4,412,94
174,2023-12-21,2023-12-21,Snapple - Iced Tea Peach,3.6,656,23
175,2023-10-29,2023-10-29,Carbonated Water - Peach,7.5,594,10
176,2023-10-03,2023-10-03,"Basil - Dry, Rubbed",40.0,353,63
177,2023-07-01,2023-07-01,Cheese - Ricotta,8.5,966,61
178,2023-04-30,2023-04-30,French Pastry - Mini Chocolate,14.7,670,91
179,2023-04-09,2023-04-09,Coffee - Dark Roast,15.6,718,45
180,2023-05-04,2023-05-04,Potatoes - Peeled,1.9,854,40
181,2023-12-12,2023-12-12,Bar Bran Honey Nut,19.0,99,98
182,2023-08-29,2023-08-29,Sauce - Roasted Red Pepper,42.6,908,185
183,2023-05-19,2023-05-19,Wine - Kwv Chenin Blanc South,32.4,130,180
184,2023-04-19,2023-04-19,Oil - Sesame,39.5,636,80
185,2023-08-03,2023-08-03,"Liners - Banana, Paper",33.8,918,30
186,2023-12-25,2023-12-25,Beer - Fruli,36.7,481,200
187,2023-04-09,2023-04-09,Sping Loaded Cup Dispenser,38.8,744,168
188,2023-09-23,2023-09-23,Cheese - Colby,31.5,839,162
189,2023-01-27,2023-01-27,"Wine - Red, Metus Rose",24.6,668,185
190,2023-07-28,2023-07-28,Puree - Pear,42.9,559,134
191,2023-09-02,2023-09-02,Wine - Zinfandel California 2002,48.7,436,157
192,2023-08-05,2023-08-05,"Coconut - Shredded, Unsweet",27.9,405,65
193,2023-02-12,2023-02-12,Cup - Translucent 7 Oz Clear,35.8,81,48
194,2023-03-25,2023-03-25,Garam Marsala,39.7,676,65
195,2023-08-11,2023-08-11,Longos - Penne With Pesto,43.8,972,185
196,2023-09-15,2023-09-15,Radish,11.4,480,63
197,2023-02-11,2023-02-11,"Flour - Corn, Fine",4.2,541,184
198,2023-03-08,2023-03-08,Tea - Honey Green Tea,42.6,982,62
199,2023-05-31,2023-05-31,Appetizer - Seafood Assortment,2.7,192,103
200,2023-01-16,2023-01-16,"Beer - Alexander Kieths, Pale Ale",24.7,298,104
201,2023-12-08,2023-12-08,Sambuca Cream,44.8,646,15
202,2023-01-02,2023-01-02,"Wine - Saint - Bris 2002, Sauv",35.3,73,146
203,2023-01-24,2023-01-24,Extract - Lemon,35.5,220,144
204,2023-07-01,2023-07-01,"Asparagus - White, Fresh",25.9,698,50
205,2023-07-26,2023-07-26,Parsley - Fresh,1.9,463,92
206,2023-03-16,2023-03-16,Quail Eggs - Canned,39.3,326,157
207,2023-12-08,2023-12-08,"Pasta - Tortellini, Fresh",28.0,988,123
208,2023-05-14,2023-05-14,"Yogurt - Blueberry, 175 Gr",31.0,463,24
209,2023-03-20,2023-03-20,Wine - Delicato Merlot,24.0,311,134
210,2023-03-22,2023-03-22,Wine - Riesling Alsace Ac 2001,24.3,182,141
211,2023-09-30,2023-09-30,Sprouts - Brussel,36.5,57,75
212,2023-08-16,2023-08-16,Oil - Avocado,31.2,790,26
213,2023-05-25,2023-05-25,Onions Granulated,31.7,213,180
214,2023-07-29,2023-07-29,Beer - Mill St Organic,21.5,999,159
215,2023-02-02,2023-02-02,"Stock - Beef, Brown",25.2,836,109
216,2023-06-05,2023-06-05,Hipnotiq Liquor,31.2,175,156
217,2023-09-23,2023-09-23,"Chilli Paste, Hot Sambal Oelek",26.1,141,54
218,2023-04-05,2023-04-05,Carbonated Water - Orange,44.4,856,7
219,2023-03-15,2023-03-15,Sea Bass - Fillets,33.3,373,139
220,2023-09-30,2023-09-30,Alize Gold Passion,4.2,634,137
221,2023-03-14,2023-03-14,Onions - Cooking,8.2,562,29
222,2023-11-28,2023-11-28,Tea - Camomele,42.0,219,4
223,2023-04-08,2023-04-08,"Rosemary - Primerba, Paste",18.3,100,20
224,2023-12-03,2023-12-03,Chevril,3.2,307,88
225,2023-11-24,2023-11-24,Bread - Frozen Basket Variety,14.2,867,160
226,2023-05-18,2023-05-18,Pastry - Apple Muffins - Mini,24.5,616,4
227,2023-01-04,2023-01-04,Cloves - Ground,47.5,939,85
228,2023-10-21,2023-10-21,Bay Leaf Fresh,9.3,996,19
229,2023-05-01,2023-05-01,Bread - Raisin,33.0,987,89
230,2023-01-24,2023-01-24,Cheese Cloth No 100,13.7,261,25
231,2023-08-31,2023-08-31,Salmon Steak - Cohoe 8 Oz,7.5,299,14
232,2023-03-02,2023-03-02,Yoghurt Tubes,24.3,106,91
233,2023-02-12,2023-02-12,Pork - European Side Bacon,49.0,47,94
234,2023-12-10,2023-12-10,Chips Potato Salt Vinegar 43g,27.8,67,130
235,2023-04-12,2023-04-12,Instant Coffee,6.0,635,110
236,2023-10-30,2023-10-30,Beef - Texas Style Burger,34.4,929,166
237,2023-01-28,2023-01-28,Cactus Pads,36.2,172,122
238,2023-09-25,2023-09-25,Oil - Peanut,14.8,356,30
239,2023-11-07,2023-11-07,Chicken - Livers,11.9,567,119
240,2023-08-12,2023-08-12,Oil - Sesame,8.2,949,156
241,2023-05-24,2023-05-24,"Beef - Bones, Marrow",12.0,131,8
242,2023-07-05,2023-07-05,Coffee Cup 16oz Foam,49.7,141,116
243,2023-01-04,2023-01-04,Sprouts - Baby Pea Tendrils,15.2,125,57
244,2023-08-12,2023-08-12,Sponge Cake Mix - Chocolate,24.9,325,38
245,2023-08-04,2023-08-04,Kirsch - Schloss,2.4,80,10
246,2023-01-13,2023-01-13,"Crab - Dungeness, Whole",9.5,677,189
247,2023-12-03,2023-12-03,Pie Filling - Pumpkin,38.3,432,108
248,2023-11-23,2023-11-23,Cheese - Feta,22.0,738,64
249,2023-11-12,2023-11-12,Juice - Orangina,29.1,240,79
250,2023-03-18,2023-03-18,Crackers - Graham,12.5,133,16
251,2023-05-17,2023-05-17,Lettuce - Boston Bib - Organic,48.2,673,2
252,2023-08-22,2023-08-22,Bay Leaf Ground,23.0,658,125
253,2023-08-02,2023-08-02,Langers - Cranberry Cocktail,11.2,906,23
254,2023-02-16,2023-02-16,Wine - Penfolds Koonuga Hill,33.6,43,20
255,2023-03-19,2023-03-19,Hold Up Tool Storage Rack,23.0,896,113
256,2023-01-29,2023-01-29,Nantuket Peach Orange,14.3,268,99
257,2023-02-04,2023-02-04,Skewers - Bamboo,19.2,231,134
258,2023-05-08,2023-05-08,Muffin Mix - Morning Glory,30.2,577,3
259,2023-06-21,2023-06-21,"Shrimp - 16/20, Peeled Deviened",5.5,935,156
260,2023-07-24,2023-07-24,Port - 74 Brights,10.5,832,141
261,2023-06-12,2023-06-12,Potatoes - Mini Red,21.4,218,188
262,2023-03-01,2023-03-01,Wine - Sicilia Igt Nero Avola,33.9,250,190
263,2023-11-24,2023-11-24,"Wine - Red, Black Opal Shiraz",6.3,194,192
264,2023-01-29,2023-01-29,Pastry - Apple Large,16.8,598,167
265,2023-11-23,2023-11-23,Tea - Green,5.3,852,53
266,2023-06-25,2023-06-25,Appetizer - Veg Assortment,7.1,515,78
267,2023-03-20,2023-03-20,"Lemonade - Natural, 591 Ml",27.6,959,100
268,2023-08-19,2023-08-19,"Beans - Black Bean, Dry",43.9,723,5
269,2023-01-21,2023-01-21,Cheese - Stilton,40.5,667,154
270,2023-05-31,2023-05-31,Chicken Thigh - Bone Out,44.0,305,140
271,2023-03-07,2023-03-07,Juice - Happy Planet,2.5,867,18
272,2023-06-22,2023-06-22,"Flour - Corn, Fine",7.9,577,187
273,2023-12-27,2023-12-27,Bread Base - Toscano,36.3,747,85
274,2023-04-16,2023-04-16,"Mushroom - Shitake, Dry",20.9,384,5
275,2023-05-13,2023-05-13,"Bread - Bagels, Mini",35.0,795,86
276,2023-09-28,2023-09-28,Cream Of Tartar,16.5,191,128
277,2023-07-09,2023-07-09,Mikes Hard Lemonade,23.7,543,145
278,2023-01-30,2023-01-30,Pancetta,39.5,936,43
279,2023-10-20,2023-10-20,Tomato - Peeled Italian Canned,31.3,893,139
280,2023-09-06,2023-09-06,Artichokes - Jerusalem,32.6,146,24
281,2023-10-26,2023-10-26,Bar Mix - Lemon,32.1,571,64
282,2023-05-13,2023-05-13,"Mushroom - Morels, Dry",5.5,777,123
283,2023-03-23,2023-03-23,Sauce - Plum,10.7,788,52
284,2023-12-09,2023-12-09,Steampan - Lid For Half Size,1.5,823,156
285,2023-06-30,2023-06-30,Shrimp - Black Tiger 16/20,13.1,898,194
286,2023-05-23,2023-05-23,Apron,37.9,832,2
287,2023-06-16,2023-06-16,Versatainer Nc - 9388,5.8,19,190
288,2023-10-16,2023-10-16,Bag Stand,1.6,425,200
289,2023-12-28,2023-12-28,"Basil - Dry, Rubbed",29.4,445,40
290,2023-10-31,2023-10-31,Tuna - Fresh,5.5,588,193
291,2023-07-22,2023-07-22,Beer - Upper Canada Light,11.1,357,161
292,2023-12-30,2023-12-30,Calypso - Strawberry Lemonade,41.5,316,114
293,2023-03-26,2023-03-26,Soup - Campbells Beef Noodle,14.0,964,22
294,2023-11-19,2023-11-19,Syrup - Pancake,18.4,966,19
295,2023-08-20,2023-08-20,Tray - 16in Rnd Blk,18.5,187,195
296,2023-03-29,2023-03-29,"Noodles - Cellophane, Thin",39.7,10,7
297,2023-06-23,2023-06-23,Bread Base - Italian,28.9,582,57
298,2023-04-30,2023-04-30,Tahini Paste,21.1,831,28
299,2023-12-02,2023-12-02,Ocean Spray - Kiwi Strawberry,42.5,577,22
300,2023-09-30,2023-09-30,Cod - Black Whole Fillet,17.6,324,55
301,2023-02-28,2023-02-28,Wine - Sauvignon Blanc,9.4,700,14
302,2023-12-11,2023-12-11,Beef - Striploin,11.4,912,103
303,2023-07-25,2023-07-25,"Pepper - White, Ground",35.2,519,125
304,2023-04-27,2023-04-27,"Wine - Red, Antinori Santa",10.7,379,83
305,2023-03-05,2023-03-05,Olives - Kalamata,21.1,865,104
306,2023-08-10,2023-08-10,"Veal - Shank, Pieces",32.9,801,38
307,2023-12-06,2023-12-06,Mushroom - Crimini,5.7,713,127
308,2023-02-22,2023-02-22,Fondant - Icing,36.5,332,25
309,2023-05-22,2023-05-22,Red Currants,22.9,840,194
310,2023-05-30,2023-05-30,"Vodka - Hot, Lnferno",46.0,732,120
311,2023-12-24,2023-12-24,Wine - Cotes Du Rhone Parallele,48.0,335,126
312,2023-01-16,2023-01-16,Pork - Caul Fat,15.9,926,116
313,2023-09-22,2023-09-22,Wine - Chateau Bonnet,12.3,967,193
314,2023-11-20,2023-11-20,"Beef - Baby, Liver",31.7,723,119
315,2023-04-12,2023-04-12,Coffee - Dark Roast,10.0,398,97
316,2023-06-24,2023-06-24,Trueblue - Blueberry Cranberry,45.5,945,189
317,2023-10-09,2023-10-09,Wine - Ej Gallo Sierra Valley,8.7,409,97
318,2023-01-22,2023-01-22,Salt - Celery,2.2,315,83
319,2023-10-07,2023-10-07,Cardamon Seed / Pod,12.6,474,11
320,2023-10-18,2023-10-18,Raspberries - Frozen,27.0,638,130
321,2023-06-08,2023-06-08,Apple - Fuji,7.7,627,174
322,2023-11-15,2023-11-15,"Chilli Paste, Sambal Oelek",4.6,40,54
323,2023-10-04,2023-10-04,Macaroons - Homestyle Two Bit,21.7,819,86
324,2023-02-21,2023-02-21,Sausage - Meat,49.8,560,199
325,2023-03-02,2023-03-02,Parsley - Fresh,29.9,427,143
326,2023-08-03,2023-08-03,Soup - Chicken And Wild Rice,15.3,689,3
327,2023-09-04,2023-09-04,Tea - Lemon Green Tea,28.7,75,128
328,2023-08-18,2023-08-18,Beer - Muskoka Cream Ale,30.6,165,52
329,2023-10-27,2023-10-27,Cocoa Powder - Natural,42.1,154,102
330,2023-02-10,2023-02-10,Wine - Rioja Campo Viejo,6.8,430,200
331,2023-12-24,2023-12-24,Gingerale - Diet - Schweppes,41.1,922,168
332,2023-10-15,2023-10-15,Tea - Vanilla Chai,31.9,401,106
333,2023-08-10,2023-08-10,"Tomatoes - Cherry, Yellow",25.8,402,68
334,2023-03-04,2023-03-04,Papadam,13.6,306,33
335,2023-05-05,2023-05-05,Tamarind Paste,1.6,44,52
336,2023-02-07,2023-02-07,Beer - Fruli,27.9,886,143
337,2023-07-19,2023-07-19,Wild Boar - Tenderloin,33.1,102,98
338,2023-09-06,2023-09-06,Salmon Steak - Cohoe 6 Oz,16.0,38,193
339,2023-08-26,2023-08-26,Beans - French,26.6,809,80
340,2023-01-31,2023-01-31,Shrimp - Black Tiger 8 - 12,12.2,904,147
341,2023-05-20,2023-05-20,Pants Custom Dry Clean,21.2,551,194
342,2023-05-13,2023-05-13,"Chicken - Base, Ultimate",34.4,516,155
343,2023-02-06,2023-02-06,Godiva White Chocolate,42.4,458,117
344,2023-12-25,2023-12-25,Sauce Bbq Smokey,48.3,605,69
345,2023-04-02,2023-04-02,Muffin Hinge - 211n,28.0,955,76
346,2023-10-29,2023-10-29,Chips - Doritos,43.6,755,96
347,2023-10-23,2023-10-23,Daikon Radish,32.2,39,99
348,2023-09-22,2023-09-22,Cheese - Le Cheve Noir,14.1,467,68
349,2023-11-06,2023-11-06,Bagel - Sesame Seed Presliced,46.4,591,73
350,2023-05-29,2023-05-29,Worcestershire Sauce,48.5,855,174
351,2023-08-05,2023-08-05,Pastry - Carrot Muffin - Mini,12.5,98,152
352,2023-08-28,2023-08-28,Liqueur - Melon,10.7,28,74
353,2023-07-08,2023-07-08,Contreau,23.4,383,11
354,2023-05-05,2023-05-05,Chip - Potato Dill Pickle,4.1,688,176
355,2023-12-14,2023-12-14,Apple - Northern Spy,46.1,402,74
356,2023-11-01,2023-11-01,Bread - Corn Muffaletta,29.9,222,182
357,2023-01-07,2023-01-07,Foil Cont Round,6.6,37,70
358,2023-08-27,2023-08-27,Muffin Mix - Oatmeal,14.2,527,131
359,2023-07-26,2023-07-26,Sherbet - Raspberry,34.2,101,112
360,2023-02-28,2023-02-28,Tomatoes Tear Drop Yellow,39.7,414,82
361,2023-08-13,2023-08-13,Bread Cranberry Foccacia,8.1,879,68
362,2023-07-19,2023-07-19,"Pasta - Tortellini, Fresh",40.6,20,190
363,2023-03-21,2023-03-21,Cream Of Tartar,18.5,698,100
364,2023-03-16,2023-03-16,Carbonated Water - Orange,41.0,451,36
365,2023-05-15,2023-05-15,Wine - Acient Coast Caberne,42.9,45,197
366,2023-07-08,2023-07-08,Cakes Assorted,2.3,757,28
367,2023-12-06,2023-12-06,Sauce - Chili,11.1,541,140
368,2023-05-30,2023-05-30,Apples - Spartan,15.1,687,6
369,2023-10-13,2023-10-13,Cranberry Foccacia,8.0,828,109
370,2023-11-13,2023-11-13,Brandy Cherry - Mcguinness,39.5,798,22
371,2023-06-06,2023-06-06,Gatorade - Orange,47.0,253,72
372,2023-11-11,2023-11-11,Icecream - Dstk Cml And Fdg,30.1,400,109
373,2023-08-27,2023-08-27,"Tart Shells - Sweet, 4",35.7,350,162
374,2023-05-30,2023-05-30,"Shrimp, Dried, Small / Lb",29.8,5,49
375,2023-08-21,2023-08-21,Mix - Cappucino Cocktail,47.9,430,121
376,2023-11-30,2023-11-30,Container - Foam Dixie 12 Oz,19.7,871,40
377,2023-12-28,2023-12-28,"Crab - Back Fin Meat, Canned",41.8,153,145
378,2023-08-10,2023-08-10,Pork - Smoked Kassler,47.3,101,173
379,2023-11-16,2023-11-16,Quinoa,38.6,767,17
380,2023-09-02,2023-09-02,"Lamb - Pieces, Diced",11.9,160,74
381,2023-06-14,2023-06-14,Macaroons - Homestyle Two Bit,48.5,945,30
382,2023-06-17,2023-06-17,Table Cloth 90x90 White,44.4,618,9
383,2023-05-07,2023-05-07,Cheese - Goat With Herbs,3.9,874,9
384,2023-10-29,2023-10-29,Soup Campbells Beef With Veg,35.7,56,165
385,2023-01-31,2023-01-31,Pineapple - Golden,31.0,997,67
386,2023-02-23,2023-02-23,Soup - Campbells - Chicken Noodle,41.3,788,168
387,2023-08-25,2023-08-25,Water - Green Tea Refresher,1.8,893,78
388,2023-06-30,2023-06-30,Cheese - Bocconcini,28.1,805,169
389,2023-05-15,2023-05-15,"Salmon - Atlantic, Skin On",17.7,863,160
390,2023-10-14,2023-10-14,"C - Plus, Orange",32.4,184,19
391,2023-06-08,2023-06-08,Cardamon Ground,47.0,91,149
392,2023-11-03,2023-11-03,Snapple Lemon Tea,48.8,806,15
393,2023-10-23,2023-10-23,Crab - Meat Combo,40.5,157,152
394,2023-01-27,2023-01-27,"Beans - Black Bean, Canned",21.2,325,183
395,2023-11-28,2023-11-28,Tea - Vanilla Chai,32.3,724,32
396,2023-03-10,2023-03-10,Flax Seed,3.5,553,41
397,2023-07-25,2023-07-25,Eggwhite Frozen,10.7,924,41
398,2023-06-01,2023-06-01,"Shrimp - Baby, Warm Water",5.2,910,164
399,2023-05-06,2023-05-06,Nantucket Cranberry Juice,26.8,254,80
400,2023-05-24,2023-05-24,Sauce - Soy Low Sodium - 3.87l,38.0,127,90
401,2023-05-25,2023-05-25,Tart - Lemon,5.6,157,24
402,2023-01-18,2023-01-18,"Club Soda - Schweppes, 355 Ml",44.0,930,105
403,2023-01-02,2023-01-02,Cactus Pads,33.4,686,44
404,2023-05-03,2023-05-03,Oil - Avocado,47.9,736,4
405,2023-06-19,2023-06-19,Blueberries - Frozen,17.4,989,75
406,2023-11-13,2023-11-13,Ocean Spray - Kiwi Strawberry,3.2,753,87
407,2023-09-17,2023-09-17,Ecolab - Hobart Washarm End Cap,42.6,10,187
408,2023-05-25,2023-05-25,Pail With Metal Handle 16l White,23.0,904,54
409,2023-11-17,2023-11-17,Oyster - In Shell,29.2,403,180
410,2023-08-30,2023-08-30,"Tortillas - Flour, 12",35.6,48,143
411,2023-11-06,2023-11-06,Jam - Apricot,37.0,598,60
412,2023-03-08,2023-03-08,Mustard - Pommery,4.1,555,48
413,2023-12-06,2023-12-06,Steam Pan - Half Size Deep,4.0,27,46
414,2023-09-16,2023-09-16,Table Cloth 54x54 Colour,44.1,641,1
415,2023-11-03,2023-11-03,Veal - Heart,15.1,601,185
416,2023-10-11,2023-10-11,"Artichoke - Bottom, Canned",40.3,88,79
417,2023-04-07,2023-04-07,Beets,12.6,735,154
418,2023-08-16,2023-08-16,Food Colouring - Green,10.5,38,101
419,2023-06-05,2023-06-05,Quail - Jumbo Boneless,5.3,410,43
420,2023-07-21,2023-07-21,Buffalo - Striploin,42.7,802,174
421,2023-06-09,2023-06-09,Cake Sheet Combo Party Pack,17.8,813,157
422,2023-04-02,2023-04-02,"Jam - Raspberry,jar",13.6,880,69
423,2023-10-12,2023-10-12,Tomatillo,29.7,956,165
424,2023-01-12,2023-01-12,Butter Sweet,42.6,839,24
425,2023-07-01,2023-07-01,Muffin Carrot - Individual,19.9,45,185
426,2023-02-25,2023-02-25,Frangelico,16.8,545,48
427,2023-01-05,2023-01-05,Flour - Semolina,35.3,382,195
428,2023-06-16,2023-06-16,Asparagus - Mexican,15.5,306,136
429,2023-09-25,2023-09-25,Cream - 35%,33.1,599,20
430,2023-03-22,2023-03-22,Squash - Sunburst,39.5,356,27
431,2023-07-25,2023-07-25,Pastry - Trippleberry Muffin - Mini,37.2,930,130
432,2023-01-18,2023-01-18,Pepper - Red Bell,29.2,966,24
433,2023-04-09,2023-04-09,Syrup - Monin - Passion Fruit,30.4,721,144
434,2023-03-05,2023-03-05,Butcher Twine 4r,29.1,457,9
435,2023-10-27,2023-10-27,Table Cloth 62x114 Colour,9.4,44,14
436,2023-06-21,2023-06-21,Juice - Prune,31.0,860,130
437,2023-07-09,2023-07-09,Chocolate Bar - Reese Pieces,8.8,634,44
438,2023-07-14,2023-07-14,Bread - Assorted Rolls,38.0,245,90
439,2023-10-10,2023-10-10,Cups 10oz Trans,35.6,160,3
440,2023-10-22,2023-10-22,"Veal - Shank, Pieces",3.5,517,92
441,2023-06-15,2023-06-15,Apple - Custard,21.8,383,153
442,2023-07-07,2023-07-07,Phyllo Dough,31.9,681,145
443,2023-01-03,2023-01-03,"Bread - White, Sliced",46.8,254,57
444,2023-01-21,2023-01-21,Chevere Logs,40.5,937,55
445,2023-12-02,2023-12-02,Truffle - Peelings,30.4,911,178
446,2023-08-04,2023-08-04,Juice - Orange 1.89l,21.1,730,134
447,2023-03-17,2023-03-17,Bread - Olive,20.7,333,49
448,2023-09-07,2023-09-07,Teriyaki Sauce,41.3,899,106
449,2023-06-13,2023-06-13,Plums - Red,19.1,953,31
450,2023-03-04,2023-03-04,Bread Base - Gold Formel,25.6,133,119
451,2023-03-06,2023-03-06,Tilapia - Fillets,3.7,305,50
452,2023-11-08,2023-11-08,"Chicken - Thigh, Bone In",35.4,236,152
453,2023-05-30,2023-05-30,Browning Caramel Glace,4.8,23,42
454,2023-08-11,2023-08-11,Table Cloth 53x69 White,1.9,498,89
455,2023-04-24,2023-04-24,Muffin Mix - Raisin Bran,6.6,283,156
456,2023-05-17,2023-05-17,"Tabasco Sauce, 2 Oz",14.4,234,182
457,2023-09-23,2023-09-23,Muffin - Zero Transfat,19.4,180,1
458,2023-11-15,2023-11-15,Soap - Pine Sol Floor Cleaner,22.6,191,44
459,2023-12-16,2023-12-16,Vaccum Bag - 14x20,5.4,594,200
460,2023-05-13,2023-05-13,Jam - Raspberry,16.8,605,164
461,2023-03-17,2023-03-17,Pork - Caul Fat,18.6,197,150
462,2023-03-02,2023-03-02,Wine - Sake,43.7,122,34
463,2023-08-28,2023-08-28,Wiberg Super Cure,12.3,261,96
464,2023-09-04,2023-09-04,"Pepper - Green, Chili",45.0,240,123
465,2023-07-16,2023-07-16,Carrots - Mini Red Organic,42.1,525,193
466,2023-05-23,2023-05-23,Lettuce - Curly Endive,13.6,474,140
467,2023-02-13,2023-02-13,Sprouts - Peppercress,26.3,255,154
468,2023-12-18,2023-12-18,"Red Snapper - Fresh, Whole",27.2,187,95
469,2023-03-18,2023-03-18,Mustard Prepared,37.2,105,78
470,2023-10-18,2023-10-18,"Crab - Back Fin Meat, Canned",12.5,178,19
471,2023-02-24,2023-02-24,Bread Crumbs - Japanese Style,20.4,743,7
472,2023-10-04,2023-10-04,Curry Paste - Green Masala,21.8,365,124
473,2023-08-20,2023-08-20,"Jam - Marmalade, Orange",14.8,28,151
474,2023-09-08,2023-09-08,"Tray - Foam, Square 4 - S",20.1,139,78
475,2023-10-05,2023-10-05,"Bread - Roll, Whole Wheat",20.7,760,114
476,2023-03-17,2023-03-17,"Beef - Ox Tail, Frozen",42.3,21,82
477,2023-12-10,2023-12-10,"Soup - Campbells, Beef Barley",45.8,81,134
478,2023-02-02,2023-02-02,Isomalt,21.0,241,140
479,2023-03-31,2023-03-31,Apples - Sliced / Wedge,40.3,452,48
480,2023-03-17,2023-03-17,Apples - Spartan,12.3,326,20
481,2023-06-08,2023-06-08,Swiss Chard - Red,33.1,248,88
482,2023-09-03,2023-09-03,"Beans - Black Bean, Canned",48.8,560,154
483,2023-06-20,2023-06-20,Appetizer - Lobster Phyllo Roll,34.3,16,177
484,2023-08-06,2023-08-06,Coffee - Flavoured,34.1,348,14
485,2023-02-27,2023-02-27,Chambord Royal,41.3,291,131
486,2023-10-02,2023-10-02,Celery Root,20.6,500,13
487,2023-12-18,2023-12-18,Wine - Pinot Grigio Collavini,24.4,785,181
488,2023-04-02,2023-04-02,"Potatoes - Instant, Mashed",49.5,279,21
489,2023-12-15,2023-12-15,Cheese - Ricotta,47.9,367,28
490,2023-02-14,2023-02-14,"Rum - White, Gg White",10.8,134,129
491,2023-03-02,2023-03-02,Soup Campbells Split Pea And Ham,33.9,860,197
492,2023-10-17,2023-10-17,"Coconut - Creamed, Pure",4.9,883,106
493,2023-09-06,2023-09-06,Crab - Meat,45.1,776,8
494,2023-07-21,2023-07-21,Vinegar - Cider,46.8,26,114
495,2023-05-20,2023-05-20,Lambcasing,9.1,133,1
496,2023-07-07,2023-07-07,Pepper Squash,6.5,852,90
497,2023-04-22,2023-04-22,Pie Shell - 9,5.9,333,135
498,2023-01-28,2023-01-28,Seaweed Green Sheets,48.8,135,47
499,2023-02-01,2023-02-01,Wine - Semi Dry Riesling Vineland,35.9,225,160
500,2023-07-10,2023-07-10,Mince Meat - Filling,14.4,858,110
501,2023-08-17,2023-08-17,Spring Roll Veg Mini,17.6,167,189
502,2023-06-02,2023-06-02,Pastry - Lemon Danish - Mini,28.2,322,174
503,2023-05-22,2023-05-22,Cheese - Grana Padano,49.1,499,61
504,2023-10-15,2023-10-15,Pepper - Green Thai,10.1,438,42
505,2023-07-31,2023-07-31,Mustard - Pommery,36.8,495,32
506,2023-06-24,2023-06-24,Water - Green Tea Refresher,48.9,270,102
507,2023-12-18,2023-12-18,Pastry - Butterscotch Baked,27.4,63,164
508,2023-12-29,2023-12-29,Bread - Corn Muffaletta,41.3,185,141
509,2023-05-16,2023-05-16,Oil - Cooking Spray,29.8,642,101
510,2023-06-30,2023-06-30,Beer - Muskoka Cream Ale,1.1,641,9
511,2023-04-15,2023-04-15,Veal - Heart,25.8,460,112
512,2023-02-23,2023-02-23,Emulsifier,49.7,612,78
513,2023-01-07,2023-01-07,"Ham - Smoked, Bone - In",17.1,507,142
514,2023-06-30,2023-06-30,Wine - Vouvray Cuvee Domaine,15.5,836,148
515,2023-03-15,2023-03-15,Tart - Butter Plain Squares,23.7,716,29
516,2023-04-25,2023-04-25,Bar Nature Valley,41.4,949,17
517,2023-09-05,2023-09-05,Bread - Multigrain Oval,41.2,404,53
518,2023-11-16,2023-11-16,"Chicken - Breast, 5 - 7 Oz",40.6,348,35
519,2023-03-26,2023-03-26,Yoplait Drink,27.0,214,30
520,2023-04-10,2023-04-10,Muffin Chocolate Individual Wrap,20.9,169,22
521,2023-09-10,2023-09-10,Sauce - Marinara,48.2,402,115
522,2023-08-19,2023-08-19,Beef - Prime Rib Aaa,41.7,550,37
523,2023-08-03,2023-08-03,Beans - Fava Fresh,27.6,925,119
524,2023-10-06,2023-10-06,Wine - Prosecco Valdobiaddene,41.1,814,128
525,2023-03-03,2023-03-03,Pastry - Choclate Baked,20.3,571,117
526,2023-12-17,2023-12-17,Plums - Red,16.3,219,140
527,2023-08-22,2023-08-22,Chinese Foods - Plain Fried Rice,7.8,732,162
528,2023-08-14,2023-08-14,Versatainer Nc - 888,2.7,439,146
529,2023-12-20,2023-12-20,Lamb - Whole Head Off,9.6,378,160
530,2023-11-30,2023-11-30,Table Cloth 90x90 Colour,22.8,825,113
531,2023-03-27,2023-03-27,Celery,37.2,435,191
532,2023-08-02,2023-08-02,Fudge - Cream Fudge,37.4,947,20
533,2023-09-25,2023-09-25,Shrimp - Tiger 21/25,16.3,785,28
534,2023-08-08,2023-08-08,Cauliflower,33.8,412,13
535,2023-04-28,2023-04-28,"Beef - Tenderlion, Center Cut",33.3,725,81
536,2023-06-14,2023-06-14,"Wine - Red, Marechal Foch",20.6,318,53
537,2023-07-02,2023-07-02,"Turkey - Breast, Smoked",12.5,974,120
538,2023-09-29,2023-09-29,"Juice - Clam, 46 Oz",13.0,799,44
539,2023-08-03,2023-08-03,Table Cloth 91x91 Colour,40.3,868,198
540,2023-07-20,2023-07-20,"Lamb - Whole, Frozen",38.7,919,177
541,2023-04-20,2023-04-20,Mints - Striped Red,18.1,469,46
542,2023-08-10,2023-08-10,Sage Ground Wiberg,10.2,277,182
543,2023-01-20,2023-01-20,Crackers - Soda / Saltins,46.3,625,1
544,2023-11-21,2023-11-21,Mackerel Whole Fresh,37.1,20,99
545,2023-12-23,2023-12-23,Pie Pecan,21.8,713,112
546,2023-04-23,2023-04-23,Sauce Tomato Pouch,42.6,314,171
547,2023-06-07,2023-06-07,Ocean Spray - Kiwi Strawberry,18.8,549,103
548,2023-12-29,2023-12-29,"Vermouth - White, Cinzano",13.5,755,132
549,2023-02-13,2023-02-13,Sauce - Demi Glace,13.5,93,118
550,2023-10-13,2023-10-13,Sugar Thermometer,10.0,345,25
551,2023-02-02,2023-02-02,Cookie Double Choco,48.1,330,189
552,2023-03-16,2023-03-16,Lettuce - Arugula,35.6,7,51
553,2023-09-22,2023-09-22,Flower - Dish Garden,33.8,361,188
554,2023-10-06,2023-10-06,Apricots - Dried,28.4,765,144
555,2023-09-09,2023-09-09,Mahi Mahi,35.3,558,52
556,2023-09-17,2023-09-17,Sprite - 355 Ml,45.3,731,142
557,2023-05-05,2023-05-05,Parsley - Dried,34.6,132,74
558,2023-02-19,2023-02-19,Tequila - Sauza Silver,23.2,660,3
559,2023-06-20,2023-06-20,"Soup - Knorr, Veg / Beef",23.4,457,178
560,2023-10-05,2023-10-05,Cheese - Blue,42.1,771,11
561,2023-10-02,2023-10-02,"Wine - Red, Metus Rose",11.5,444,119
562,2023-01-24,2023-01-24,Onions Granulated,47.2,967,55
563,2023-07-28,2023-07-28,"Star Anise, Whole",2.9,315,55
564,2023-01-24,2023-01-24,Gherkin,39.6,945,90
565,2023-10-29,2023-10-29,Sambuca - Opal Nera,24.7,526,199
566,2023-03-29,2023-03-29,Tofu - Firm,30.0,865,173
567,2023-01-11,2023-01-11,Dried Cranberries,7.0,591,140
568,2023-08-09,2023-08-09,Cheese - Oka,22.3,970,168
569,2023-01-16,2023-01-16,Food Colouring - Pink,14.0,886,65
570,2023-04-24,2023-04-24,Wine - Blue Nun Qualitatswein,1.0,227,186
571,2023-03-02,2023-03-02,Beer - Mill St Organic,33.7,845,143
572,2023-09-01,2023-09-01,Lamb - Sausage Casings,6.9,332,87
573,2023-11-10,2023-11-10,Potatoes - Mini Red,17.6,535,186
574,2023-03-03,2023-03-03,Juice - Happy Planet,23.0,424,61
575,2023-12-28,2023-12-28,Vinegar - Balsamic,17.6,27,112
576,2023-01-08,2023-01-08,Whmis Spray Bottle Graduated,42.6,887,126
577,2023-04-11,2023-04-11,Table Cloth 62x114 White,2.2,230,67
578,2023-01-09,2023-01-09,Tea - Vanilla Chai,11.2,444,77
579,2023-07-18,2023-07-18,Beets - Golden,40.3,490,79
580,2023-08-29,2023-08-29,Hipnotiq Liquor,44.5,421,195
581,2023-03-01,2023-03-01,Juice - Orangina,41.2,984,82
582,2023-01-26,2023-01-26,Mustard - Pommery,40.0,347,53
583,2023-05-28,2023-05-28,"Wine - Red, Cabernet Merlot",18.9,345,101
584,2023-02-04,2023-02-04,Lotus Root,47.5,926,76
585,2023-10-06,2023-10-06,Cookies - Englishbay Oatmeal,11.9,208,165
586,2023-10-04,2023-10-04,Muffin Hinge Container 6,5.7,36,128
587,2023-12-23,2023-12-23,"Leeks - Baby, White",19.9,158,116
588,2023-12-25,2023-12-25,Dr. Pepper - 355ml,9.9,681,113
589,2023-03-22,2023-03-22,Wine - Zonnebloem Pinotage,30.6,639,132
590,2023-11-02,2023-11-02,Muffin Mix - Chocolate Chip,23.6,764,94
591,2023-08-23,2023-08-23,Longos - Greek Salad,36.0,988,70
592,2023-08-18,2023-08-18,Beer - Mill St Organic,3.7,998,180
593,2023-06-04,2023-06-04,"Wine - Niagara,vqa Reisling",4.7,339,71
594,2023-07-05,2023-07-05,Muffin Mix - Carrot,34.4,724,160
595,2023-01-27,2023-01-27,Garam Marsala,12.3,268,111
596,2023-07-08,2023-07-08,Container Clear 8 Oz,47.9,665,133
597,2023-11-07,2023-11-07,Cognac - Courvaisier,19.0,223,125
598,2023-02-25,2023-02-25,Papayas,47.4,625,189
599,2023-03-10,2023-03-10,Sprouts - Pea,21.6,24,167
600,2023-12-01,2023-12-01,"Spoon - Soup, Plastic",36.2,895,119
601,2023-03-16,2023-03-16,Wine - Lamancha Do Crianza,14.6,395,169
602,2023-05-19,2023-05-19,Beef Tenderloin Aaa,49.3,226,161
603,2023-07-05,2023-07-05,Beef Dry Aged Tenderloin Aaa,48.7,241,7
604,2023-10-22,2023-10-22,"Cheese - Woolwich Goat, Log",7.8,299,106
605,2023-06-13,2023-06-13,Artichokes - Jerusalem,30.6,212,11
606,2023-12-15,2023-12-15,Tomatoes - Yellow Hot House,25.5,677,11
607,2023-03-20,2023-03-20,Maintenance Removal Charge,42.0,177,57
608,2023-12-10,2023-12-10,Chocolate - Milk,28.7,755,38
609,2023-03-24,2023-03-24,"Salsify, Organic",24.2,992,115
610,2023-09-12,2023-09-12,Sword Pick Asst,29.4,788,166
611,2023-01-13,2023-01-13,"Beef - Bones, Marrow",49.9,310,184
612,2023-05-13,2023-05-13,Juice - V8 Splash,5.5,68,60
613,2023-11-06,2023-11-06,Trueblue - Blueberry,11.0,459,25
614,2023-06-15,2023-06-15,Flour - Semolina,7.2,658,99
615,2023-06-01,2023-06-01,"Sauce - Bernaise, Mix",34.1,730,112
616,2023-10-16,2023-10-16,Filter - Coffee,44.1,83,150
617,2023-03-15,2023-03-15,Foie Gras,33.0,201,125
618,2023-01-04,2023-01-04,Flower - Carnations,17.1,275,89
619,2023-09-21,2023-09-21,Foil Wrap,15.0,784,32
620,2023-09-10,2023-09-10,Passion Fruit,13.6,752,92
621,2023-07-05,2023-07-05,Island Oasis - Peach Daiquiri,29.2,150,106
622,2023-01-13,2023-01-13,Pork - Bacon Cooked Slcd,21.5,498,27
623,2023-04-29,2023-04-29,Pie Shell - 5,13.8,830,195
624,2023-11-08,2023-11-08,Sobe - Orange Carrot,30.7,863,65
625,2023-11-26,2023-11-26,Aspic - Light,48.8,112,40
626,2023-05-08,2023-05-08,Barley - Pearl,47.0,537,193
627,2023-10-25,2023-10-25,Flower - Commercial Bronze,5.1,311,182
628,2023-06-29,2023-06-29,Beer - Rickards Red,27.1,468,112
629,2023-06-10,2023-06-10,"Oregano - Dry, Rubbed",24.2,111,125
630,2023-06-10,2023-06-10,Breadfruit,25.1,753,39
631,2023-04-19,2023-04-19,Puree - Pear,38.9,833,17
632,2023-11-01,2023-11-01,Gherkin - Sour,24.2,256,52
633,2023-08-10,2023-08-10,Ham - Proscuitto,29.9,715,143
634,2023-07-30,2023-07-30,Food Colouring - Blue,9.5,977,10
635,2023-01-04,2023-01-04,Tomatoes - Cherry,19.4,774,133
636,2023-09-01,2023-09-01,Whmis Spray Bottle Graduated,26.6,867,155
637,2023-07-03,2023-07-03,Bread - Burger,36.9,569,56
638,2023-11-02,2023-11-02,Beans - Yellow,25.6,640,15
639,2023-04-19,2023-04-19,Rootbeer,5.6,726,96
640,2023-09-08,2023-09-08,Beef - Sushi Flat Iron Steak,45.3,541,69
641,2023-05-29,2023-05-29,Juice - Lemon,1.6,778,66
642,2023-01-09,2023-01-09,Pork - Bones,4.7,902,171
643,2023-10-26,2023-10-26,Sugar - White Packet,3.9,75,158
644,2023-05-27,2023-05-27,Skewers - Bamboo,47.9,295,113
645,2023-05-14,2023-05-14,Horseradish - Prepared,4.0,508,136
646,2023-12-25,2023-12-25,Tomatoes - Grape,3.7,428,34
647,2023-12-13,2023-12-13,Pastry - French Mini Assorted,28.9,480,108
648,2023-09-09,2023-09-09,Bread Base - Italian,38.1,629,199
649,2023-09-25,2023-09-25,Squid - U 5,18.8,565,128
650,2023-07-21,2023-07-21,"Cheese - Mozzarella, Shredded",37.5,487,187
651,2023-10-19,2023-10-19,Coriander - Seed,22.7,724,134
652,2023-04-10,2023-04-10,Amaretto,30.7,20,5
653,2023-02-23,2023-02-23,Beans - Wax,46.5,634,100
654,2023-10-29,2023-10-29,Tray - 12in Rnd Blk,36.3,228,143
655,2023-10-10,2023-10-10,Muffin Mix - Raisin Bran,42.7,295,45
656,2023-04-03,2023-04-03,Nutmeg - Ground,23.8,905,176
657,2023-12-25,2023-12-25,Tea - English Breakfast,40.9,772,144
658,2023-01-19,2023-01-19,Carbonated Water - White Grape,24.7,963,72
659,2023-01-13,2023-01-13,Snapple Lemon Tea,49.6,237,193
660,2023-01-14,2023-01-14,"Chicken - Base, Ultimate",13.6,59,117
661,2023-02-03,2023-02-03,"Potatoes - Instant, Mashed",47.7,444,119
662,2023-09-05,2023-09-05,Vinegar - Balsamic,33.8,458,179
663,2023-03-30,2023-03-30,"Lentils - Red, Dry",29.8,152,68
664,2023-11-15,2023-11-15,Lettuce - Arugula,1.9,260,56
665,2023-05-16,2023-05-16,Beer - Paulaner Hefeweisse,32.1,848,143
666,2023-01-27,2023-01-27,"Yeast - Fresh, Fleischman",44.7,757,189
667,2023-12-01,2023-12-01,Port - 74 Brights,3.7,241,101
668,2023-10-08,2023-10-08,The Pop Shoppe - Grape,10.3,402,110
669,2023-06-02,2023-06-02,Steel Wool,22.1,453,121
670,2023-11-08,2023-11-08,Sausage - Liver,6.5,920,67
671,2023-08-02,2023-08-02,Lady Fingers,22.3,72,67
672,2023-02-21,2023-02-21,Mace Ground,20.1,212,70
673,2023-01-11,2023-01-11,Oven Mitts 17 Inch,41.5,441,147
674,2023-02-02,2023-02-02,Foam Cup 6 Oz,38.3,642,71
675,2023-12-15,2023-12-15,Tomatoes - Hot House,2.3,373,160
676,2023-08-20,2023-08-20,Corn Shoots,11.7,341,30
677,2023-09-18,2023-09-18,"Sugar - Sweet N Low, Individual",22.3,476,153
678,2023-06-01,2023-06-01,Orange Roughy 6/8 Oz,24.3,603,153
679,2023-09-20,2023-09-20,Muffin - Carrot Individual Wrap,28.4,743,77
680,2023-06-24,2023-06-24,Flounder - Fresh,18.0,793,29
681,2023-07-30,2023-07-30,"Pasta - Linguini, Dry",48.8,856,124
682,2023-01-20,2023-01-20,Wine - Ej Gallo Sierra Valley,15.9,822,53
683,2023-07-31,2023-07-31,"Seedlings - Buckwheat, Organic",22.6,691,111
684,2023-10-29,2023-10-29,Crab Meat Claw Pasteurise,3.6,177,198
685,2023-06-23,2023-06-23,"Tortillas - Flour, 10",31.9,455,29
686,2023-10-05,2023-10-05,Okra,1.2,78,107
687,2023-11-29,2023-11-29,Veal - Kidney,30.8,69,102
688,2023-07-02,2023-07-02,Pie Filling - Pumpkin,23.3,68,174
689,2023-06-10,2023-06-10,"Soup - Beef Conomme, Dry",38.3,580,152
690,2023-12-25,2023-12-25,Beer - Muskoka Cream Ale,22.3,815,25
691,2023-11-18,2023-11-18,Tequila - Sauza Silver,9.5,225,46
692,2023-08-13,2023-08-13,Tamarind Paste,33.4,548,103
693,2023-09-18,2023-09-18,White Fish - Filets,22.4,241,138
694,2023-12-13,2023-12-13,Godiva White Chocolate,3.9,191,19
695,2023-04-15,2023-04-15,Beef - Tenderloin Tails,41.2,808,146
696,2023-02-05,2023-02-05,Lid - 16 Oz And 32 Oz,46.5,459,13
697,2023-11-04,2023-11-04,Crackers - Melba Toast,12.7,373,174
698,2023-10-10,2023-10-10,"Yogurt - Strawberry, 175 Gr",5.6,20,86
699,2023-02-22,2023-02-22,"Crush - Orange, 355ml",9.7,606,72
700,2023-05-23,2023-05-23,Curry Powder Madras,49.7,558,183
701,2023-12-10,2023-12-10,Sunflower Seed Raw,12.7,551,39
702,2023-05-18,2023-05-18,Wine - Hardys Bankside Shiraz,21.4,28,185
703,2023-06-22,2023-06-22,Broom And Broom Rack White,3.7,85,57
704,2023-06-12,2023-06-12,Potatoes - Fingerling 4 Oz,10.2,224,107
705,2023-11-24,2023-11-24,Mustard - Seed,16.8,331,51
706,2023-07-15,2023-07-15,Anchovy Paste - 56 G Tube,43.4,8,74
707,2023-03-30,2023-03-30,Wine - Chardonnay Mondavi,15.2,473,133
708,2023-10-11,2023-10-11,Cherries - Fresh,33.5,679,175
709,2023-08-03,2023-08-03,Pork - Shoulder,43.0,735,87
710,2023-04-13,2023-04-13,Bread Country Roll,2.9,452,37
711,2023-06-02,2023-06-02,Bread - Raisin Walnut Oval,2.9,877,45
712,2023-07-29,2023-07-29,Chicken - Leg / Back Attach,6.7,745,109
713,2023-10-15,2023-10-15,"Leeks - Baby, White",16.9,50,158
714,2023-08-19,2023-08-19,Crackers - Trio,10.2,173,101
715,2023-11-21,2023-11-21,Pastry - Banana Tea Loaf,24.9,737,5
716,2023-04-18,2023-04-18,Flour - So Mix Cake White,2.5,168,40
717,2023-09-08,2023-09-08,"Bar Mix - Pina Colada, 355 Ml",25.7,217,65
718,2023-04-16,2023-04-16,Oil - Hazelnut,8.2,63,181
719,2023-05-15,2023-05-15,Pastry - Baked Scones - Mini,42.1,398,61
720,2023-03-08,2023-03-08,Dragon Fruit,10.5,503,181
721,2023-08-05,2023-08-05,Plate Foam Laminated 9in Blk,12.4,291,112
722,2023-07-10,2023-07-10,Samosa - Veg,15.1,414,124
723,2023-07-19,2023-07-19,Wanton Wrap,37.9,47,181
724,2023-05-12,2023-05-12,Ham - Proscuitto,26.1,728,145
725,2023-08-11,2023-08-11,Steampan - Lid For Half Size,11.7,60,30
726,2023-04-08,2023-04-08,Glass Clear 8 Oz,14.1,773,59
727,2023-06-25,2023-06-25,"Pineapple - Canned, Rings",23.0,564,113
728,2023-07-19,2023-07-19,Numi - Assorted Teas,50.0,359,137
729,2023-12-11,2023-12-11,"Turkey - Whole, Fresh",3.1,361,188
730,2023-12-14,2023-12-14,Paper - Brown Paper Mini Cups,4.1,242,91
731,2023-02-19,2023-02-19,"Turkey - Breast, Double",29.3,498,46
732,2023-12-03,2023-12-03,"Wine - Magnotta, Merlot Sr Vqa",12.6,382,35
733,2023-12-27,2023-12-27,Broom And Broom Rack White,19.3,265,86
734,2023-05-02,2023-05-02,Caviar - Salmon,34.8,768,139
735,2023-11-25,2023-11-25,Coffee - Decafenated,3.4,83,15
736,2023-08-31,2023-08-31,"Mushroom - Shitake, Dry",13.4,586,185
737,2023-03-09,2023-03-09,Cheese - Cottage Cheese,9.0,975,126
738,2023-12-29,2023-12-29,Kiwi,5.5,314,189
739,2023-03-08,2023-03-08,Appetizer - Smoked Salmon / Dill,22.3,706,183
740,2023-02-06,2023-02-06,Wine - Barossa Valley Estate,42.6,299,195
741,2023-03-09,2023-03-09,Stock - Fish,47.1,911,79
742,2023-09-22,2023-09-22,Cheese - Brick With Onion,11.2,745,86
743,2023-11-02,2023-11-02,Chocolate Eclairs,21.4,88,35
744,2023-09-09,2023-09-09,Munchies Honey Sweet Trail Mix,15.7,457,34
745,2023-08-08,2023-08-08,Wine - Casillero Del Diablo,43.0,748,89
746,2023-09-30,2023-09-30,"Beans - Kidney, Canned",16.7,366,15
747,2023-01-20,2023-01-20,"Juice - Pineapple, 48 Oz",13.7,546,158
748,2023-07-12,2023-07-12,"Veal - Tenderloin, Untrimmed",10.4,199,198
749,2023-02-13,2023-02-13,Melon - Honey Dew,24.9,786,30
750,2023-01-07,2023-01-07,Soup - Campbells Chili,29.5,91,31
751,2023-07-19,2023-07-19,Rice Wine - Aji Mirin,1.7,726,36
752,2023-07-22,2023-07-22,Milk - Condensed,17.3,173,106
753,2023-06-12,2023-06-12,Wine - Chablis J Moreau Et Fils,36.7,22,123
754,2023-08-14,2023-08-14,Wine - Cave Springs Dry Riesling,34.4,421,195
755,2023-06-02,2023-06-02,Wine - Black Tower Qr,45.8,105,177
756,2023-10-22,2023-10-22,"Cheese - Havarti, Roasted Garlic",31.8,981,161
757,2023-09-11,2023-09-11,"Croissant, Raw - Mini",26.0,560,123
758,2023-02-12,2023-02-12,Tomatoes - Heirloom,29.9,30,107
759,2023-08-09,2023-08-09,"Wine - White, Mosel Gold",24.7,117,156
760,2023-06-18,2023-06-18,Cheese - Ricotta,8.3,171,50
761,2023-11-18,2023-11-18,Fennel - Seeds,36.0,786,7
762,2023-09-10,2023-09-10,Galliano,37.9,970,200
763,2023-07-19,2023-07-19,"Tea - Darjeeling, Azzura",22.6,200,156
764,2023-10-19,2023-10-19,Ham - Cooked Bayonne Tinned,23.3,172,3
765,2023-09-26,2023-09-26,"Pasta - Spaghetti, Dry",40.3,735,28
766,2023-09-29,2023-09-29,Ocean Spray - Kiwi Strawberry,49.5,569,153
767,2023-10-15,2023-10-15,Vinegar - Cider,4.4,479,85
768,2023-10-04,2023-10-04,Napkin - Beverage 1 Ply,17.7,457,38
769,2023-01-19,2023-01-19,"Soup - Clam Chowder, Dry Mix",43.8,281,142
770,2023-04-26,2023-04-26,Wine - Magnotta - Pinot Gris Sr,38.1,50,138
771,2023-01-26,2023-01-26,"Turnip - White, Organic",8.6,470,97
772,2023-03-09,2023-03-09,Lime Cordial - Roses,9.8,233,185
773,2023-10-21,2023-10-21,French Pastry - Mini Chocolate,21.5,695,147
774,2023-06-07,2023-06-07,Milk - 2%,47.5,52,184
775,2023-01-20,2023-01-20,Crawfish,40.2,761,147
776,2023-03-18,2023-03-18,"Artichokes - Knobless, White",5.5,312,177
777,2023-08-22,2023-08-22,"Wine - White, Pinot Grigio",37.2,528,110
778,2023-07-04,2023-07-04,Oregano - Fresh,23.9,642,29
779,2023-09-30,2023-09-30,Veal - Inside,13.6,342,199
780,2023-12-14,2023-12-14,Puree - Guava,1.7,576,3
781,2023-02-07,2023-02-07,Transfer Sheets,23.8,877,48
782,2023-09-02,2023-09-02,Dried Figs,17.4,549,131
783,2023-04-17,2023-04-17,"Shrimp - 21/25, Peel And Deviened",45.3,210,26
784,2023-01-30,2023-01-30,"Halibut - Whole, Fresh",49.3,919,159
785,2023-06-12,2023-06-12,Amaretto,15.6,601,76
786,2023-05-05,2023-05-05,Soup - Campbells Mushroom,48.5,325,129
787,2023-11-05,2023-11-05,Juice - Orangina,9.6,700,18
788,2023-06-12,2023-06-12,Sugar - Crumb,44.8,630,161
789,2023-11-12,2023-11-12,Onions - Green,30.9,541,198
790,2023-03-13,2023-03-13,"Coffee - Colombian, Portioned",46.9,855,94
791,2023-04-21,2023-04-21,Tea - Herbal - 6 Asst,43.1,813,65
792,2023-01-04,2023-01-04,Dikon,44.2,170,131
793,2023-12-26,2023-12-26,"Loaf Pan - 2 Lb, Foil",5.6,624,139
794,2023-09-26,2023-09-26,"Beans - Black Bean, Preserved",9.1,818,24
795,2023-09-13,2023-09-13,Cheese - Ricotta,35.2,406,156
796,2023-03-15,2023-03-15,"Wine - Magnotta, Merlot Sr Vqa",14.9,831,66
797,2023-07-16,2023-07-16,Plastic Arrow Stir Stick,40.7,258,37
798,2023-01-24,2023-01-24,Orange - Blood,28.3,178,101
799,2023-12-25,2023-12-25,Beef - Diced,18.2,781,150
800,2023-03-31,2023-03-31,"Coconut - Shredded, Sweet",11.2,913,16
801,2023-08-24,2023-08-24,Vinegar - Balsamic,10.8,802,18
802,2023-06-18,2023-06-18,"Wine - White, Ej Gallo",49.4,184,183
803,2023-11-13,2023-11-13,Wine - Fontanafredda Barolo,5.1,612,195
804,2023-06-17,2023-06-17,Pickles - Gherkins,46.2,697,132
805,2023-04-17,2023-04-17,"Nut - Hazelnut, Whole",48.5,503,163
806,2023-05-10,2023-05-10,Ecolab - Medallion,9.5,811,22
807,2023-08-02,2023-08-02,Pail For Lid 1537,37.2,487,157
808,2023-03-18,2023-03-18,Cheese - Sheep Milk,35.3,590,119
809,2023-04-26,2023-04-26,Wine - Baron De Rothschild,4.2,33,46
810,2023-03-13,2023-03-13,"Wine - Red, Concha Y Toro",1.1,234,197
811,2023-02-24,2023-02-24,Ecolab - Hobart Washarm End Cap,8.2,718,90
812,2023-05-14,2023-05-14,Sprouts - Alfalfa,42.7,72,116
813,2023-10-17,2023-10-17,Bag Clear 10 Lb,42.4,402,150
814,2023-07-14,2023-07-14,Lemon Grass,49.5,839,9
815,2023-04-12,2023-04-12,Wine - Trimbach Pinot Blanc,11.4,342,59
816,2023-11-18,2023-11-18,Appetizer - Veg Assortment,44.5,344,179
817,2023-05-20,2023-05-20,Turkey - Oven Roast Breast,33.6,416,59
818,2023-02-11,2023-02-11,"Wine - Cahors Ac 2000, Clos",46.8,142,147
819,2023-02-10,2023-02-10,Soup - Campbells Beef Strogonoff,1.6,284,139
820,2023-04-20,2023-04-20,Cheese - Blue,38.7,865,187
821,2023-01-21,2023-01-21,Scampi Tail,16.1,841,17
822,2023-08-05,2023-08-05,Muffin Mix - Raisin Bran,34.9,887,190
823,2023-08-12,2023-08-12,Bread Country Roll,32.4,177,198
824,2023-04-06,2023-04-06,"Wine - Red, Lurton Merlot De",30.5,935,171
825,2023-09-07,2023-09-07,Juice - Cranberry 284ml,44.9,834,18
826,2023-03-27,2023-03-27,"Soup - French Onion, Dry",12.6,714,139
827,2023-05-14,2023-05-14,"Tart Shells - Sweet, 2",25.4,126,90
828,2023-10-23,2023-10-23,Beef - Top Butt,37.0,230,176
829,2023-05-20,2023-05-20,Chocolate - Liqueur Cups With Foil,44.4,961,134
830,2023-10-10,2023-10-10,Bread - Sour Sticks With Onion,29.0,402,149
831,2023-04-19,2023-04-19,Brandy - Bar,25.0,908,147
832,2023-10-22,2023-10-22,"Pasta - Rotini, Colour, Dry",32.7,776,87
833,2023-06-17,2023-06-17,Filo Dough,37.9,134,36
834,2023-09-01,2023-09-01,Oyster - In Shell,12.0,359,88
835,2023-08-02,2023-08-02,Sword Pick Asst,29.2,1,45
836,2023-05-01,2023-05-01,Waffle Stix,8.6,412,173
837,2023-08-14,2023-08-14,Lotus Root,9.1,840,138
838,2023-09-11,2023-09-11,Bar Mix - Lemon,8.8,664,191
839,2023-06-29,2023-06-29,"Lemonade - Black Cherry, 591 Ml",34.2,148,155
840,2023-03-22,2023-03-22,"Quail - Eggs, Fresh",5.3,12,74
841,2023-01-15,2023-01-15,Wine - Sawmill Creek Autumn,15.7,189,118
842,2023-02-10,2023-02-10,"Beef - Bones, Marrow",48.1,826,120
843,2023-07-17,2023-07-17,Coffee Decaf Colombian,11.2,580,88
844,2023-03-17,2023-03-17,Tart - Butter Plain Squares,10.2,310,143
845,2023-02-23,2023-02-23,"Soup - Knorr, Chicken Gumbo",40.3,535,166
846,2023-05-11,2023-05-11,Filo Dough,6.2,87,131
847,2023-02-05,2023-02-05,Dates,44.4,533,181
848,2023-02-14,2023-02-14,Long Island Ice Tea,29.4,168,74
849,2023-04-14,2023-04-14,Dc - Sakura Fu,29.1,256,78
850,2023-11-19,2023-11-19,Butter - Salted,41.8,653,78
851,2023-11-08,2023-11-08,Wine - Valpolicella Masi,17.7,570,155
852,2023-12-08,2023-12-08,Spring Roll Wrappers,14.1,837,152
853,2023-12-23,2023-12-23,Venison - Ground,7.7,630,62
854,2023-02-22,2023-02-22,Wine - Marlbourough Sauv Blanc,16.4,185,105
855,2023-10-08,2023-10-08,Wine - Sicilia Igt Nero Avola,40.1,190,121
856,2023-07-22,2023-07-22,"Lobster - Baby, Boiled",21.2,595,162
857,2023-04-09,2023-04-09,Pear - Halves,30.1,718,98
858,2023-07-24,2023-07-24,"Veal - Brisket, Provimi, Bone - In",43.7,475,125
859,2023-06-02,2023-06-02,Containter - 3oz Microwave Rect.,35.7,696,84
860,2023-02-25,2023-02-25,Banana,11.7,132,113
861,2023-05-24,2023-05-24,Sauce - Plum,48.2,148,31
862,2023-08-26,2023-08-26,Drambuie,29.7,950,104
863,2023-10-22,2023-10-22,Ecolab Digiclean Mild Fm,18.4,328,185
864,2023-02-28,2023-02-28,Dooleys Toffee,14.5,603,154
865,2023-12-01,2023-12-01,Crackers - Soda / Saltins,48.9,515,21
866,2023-03-03,2023-03-03,Muffin Mix - Raisin Bran,43.1,764,2
867,2023-06-15,2023-06-15,Grand Marnier,39.4,465,137
868,2023-07-07,2023-07-07,Muffin Mix - Raisin Bran,43.9,296,112
869,2023-09-25,2023-09-25,Cinnamon Buns Sticky,4.2,732,100
870,2023-07-06,2023-07-06,"Juice - Tomato, 48 Oz",19.4,225,10
871,2023-05-28,2023-05-28,Garbage Bags - Black,9.5,970,39
872,2023-06-29,2023-06-29,Appetizer - Lobster Phyllo Roll,2.4,554,57
873,2023-12-25,2023-12-25,Appetizer - Seafood Assortment,11.5,547,3
874,2023-10-28,2023-10-28,"Pasta - Lasagna, Dry",24.0,410,134
875,2023-05-06,2023-05-06,Bread Base - Toscano,8.4,987,45
876,2023-12-09,2023-12-09,"Pepper - Chillies, Crushed",9.7,360,100
877,2023-06-03,2023-06-03,"Tart Shells - Savory, 4",38.2,190,24
878,2023-12-14,2023-12-14,"Marjoram - Dried, Rubbed",29.7,679,141
879,2023-05-22,2023-05-22,Spice - Onion Powder Granulated,35.2,224,49
880,2023-12-21,2023-12-21,Wine - Beaujolais Villages,21.3,418,108
881,2023-11-12,2023-11-12,Cheese - Gorgonzola,20.2,262,135
882,2023-05-07,2023-05-07,Monkfish Fresh - Skin Off,2.8,558,44
883,2023-01-21,2023-01-21,Beer - Fruli,41.4,219,8
884,2023-08-31,2023-08-31,Beef - Sushi Flat Iron Steak,22.6,428,61
885,2023-03-29,2023-03-29,"Vermouth - Sweet, Cinzano",31.9,747,172
886,2023-06-01,2023-06-01,Icecream - Dstk Super Cone,48.7,364,123
887,2023-07-27,2023-07-27,Rice - Brown,32.0,255,21
888,2023-08-21,2023-08-21,"Glass - Wine, Plastic, Clear 5 Oz",10.5,88,180
889,2023-11-02,2023-11-02,Truffle Cups - Brown,24.0,310,166
890,2023-04-04,2023-04-04,Oranges,42.3,265,116
891,2023-09-02,2023-09-02,Hot Choc Vending,31.9,216,39
892,2023-03-13,2023-03-13,Coffee Cup 16oz Foam,43.3,258,157
893,2023-11-29,2023-11-29,"Yogurt - Strawberry, 175 Gr",7.5,563,30
894,2023-06-23,2023-06-23,"Lamb - Pieces, Diced",35.0,72,139
895,2023-08-17,2023-08-17,Wine - Montecillo Rioja Crianza,34.7,663,105
896,2023-07-17,2023-07-17,Ginger - Crystalized,17.7,175,73
897,2023-11-16,2023-11-16,"Asparagus - White, Canned",30.1,740,112
898,2023-10-08,2023-10-08,Wine - Pinot Noir Pond Haddock,15.4,416,82
899,2023-10-18,2023-10-18,Ocean Spray - Kiwi Strawberry,25.6,407,68
900,2023-07-06,2023-07-06,Cups 10oz Trans,39.2,937,98
901,2023-09-01,2023-09-01,"Crab - Dungeness, Whole",27.4,428,187
902,2023-09-03,2023-09-03,Persimmons,14.7,302,131
903,2023-04-23,2023-04-23,"Wine - Red, Antinori Santa",49.0,910,112
904,2023-06-11,2023-06-11,"Mushroom - Trumpet, Dry",26.5,872,178
905,2023-12-06,2023-12-06,"Pasta - Orzo, Dry",27.7,751,141
906,2023-07-04,2023-07-04,"Beef - Baby, Liver",25.1,798,75
907,2023-03-25,2023-03-25,Tomatoes - Cherry,20.4,882,162
908,2023-02-17,2023-02-17,Tuna - Loin,6.5,135,99
909,2023-02-06,2023-02-06,"Lemonade - Kiwi, 591 Ml",44.2,190,40
910,2023-03-20,2023-03-20,Milk - Skim,23.5,923,174
911,2023-12-04,2023-12-04,The Pop Shoppe - Grape,16.3,818,197
912,2023-07-07,2023-07-07,Food Colouring - Red,13.3,36,198
913,2023-03-31,2023-03-31,Lettuce Romaine Chopped,30.5,974,125
914,2023-05-05,2023-05-05,Cheese - Brick With Pepper,13.8,272,77
915,2023-10-19,2023-10-19,Bread - Malt,5.9,610,120
916,2023-09-17,2023-09-17,"Juice - Tomato, 10 Oz",33.9,689,17
917,2023-06-02,2023-06-02,Coffee - Frthy Coffee Crisp,1.1,535,23
918,2023-04-24,2023-04-24,Tea - Grapefruit Green Tea,37.5,159,67
919,2023-02-22,2023-02-22,Beef Tenderloin Aaa,47.9,329,113
920,2023-04-06,2023-04-06,Sauce - Roasted Red Pepper,35.3,898,2
921,2023-08-11,2023-08-11,Olives - Kalamata,19.4,165,176
922,2023-09-06,2023-09-06,Myers Planters Punch,42.0,113,38
923,2023-01-12,2023-01-12,"Mustard - Dry, Powder",49.0,621,70
924,2023-08-26,2023-08-26,Wine - Domaine Boyar Royal,1.9,252,143
925,2023-02-19,2023-02-19,"Beans - Black Bean, Dry",45.8,479,73
926,2023-04-05,2023-04-05,Bacardi Mojito,17.1,85,8
927,2023-06-06,2023-06-06,Salmon Steak - Cohoe 6 Oz,10.0,724,104
928,2023-10-26,2023-10-26,Rambutan,49.3,51,29
929,2023-02-28,2023-02-28,Pop - Club Soda Can,28.3,602,169
930,2023-02-15,2023-02-15,Veal - Eye Of Round,34.5,827,14
931,2023-12-20,2023-12-20,Fond - Chocolate,17.1,266,137
932,2023-12-13,2023-12-13,"Beef - Chuck, Boneless",24.0,381,58
933,2023-07-07,2023-07-07,"Salmon - Atlantic, Skin On",13.8,355,184
934,2023-06-24,2023-06-24,"Soup - Canadian Pea, Dry Mix",3.6,146,172
935,2023-07-27,2023-07-27,Juice - Happy Planet,47.7,74,111
936,2023-07-07,2023-07-07,"Coconut - Shredded, Sweet",35.6,664,7
937,2023-01-06,2023-01-06,Curry Powder Madras,27.9,541,177
938,2023-11-14,2023-11-14,"Beans - Kidney, Canned",4.6,835,128
939,2023-12-24,2023-12-24,Broccoli - Fresh,24.6,390,15
940,2023-06-02,2023-06-02,Dried Cherries,22.2,500,141
941,2023-04-06,2023-04-06,Capon - Whole,21.3,307,182
942,2023-12-22,2023-12-22,Cheese - Le Cru Du Clocher,7.1,349,88
943,2023-08-26,2023-08-26,Soup V8 Roasted Red Pepper,11.1,999,2
944,2023-04-20,2023-04-20,Creme De Menth - White,9.8,561,122
945,2023-10-05,2023-10-05,Chinese Foods - Chicken,38.3,74,167
946,2023-05-07,2023-05-07,Island Oasis - Peach Daiquiri,39.4,267,41
947,2023-04-12,2023-04-12,Smoked Paprika,22.8,444,162
948,2023-02-21,2023-02-21,Anchovy Paste - 56 G Tube,29.8,734,10
949,2023-08-16,2023-08-16,"Hickory Smoke, Liquid",31.7,677,113
950,2023-03-18,2023-03-18,Beer - Upper Canada Light,38.8,684,148
951,2023-02-04,2023-02-04,Chocolate - Dark,6.0,571,150
952,2023-01-10,2023-01-10,Milk - Chocolate 250 Ml,39.8,405,199
953,2023-12-02,2023-12-02,Milk - 2% 250 Ml,41.3,170,42
954,2023-09-26,2023-09-26,Berry Brulee,29.8,443,127
955,2023-04-21,2023-04-21,"Pasta - Lasagna, Dry",18.5,77,48
956,2023-12-18,2023-12-18,Beef - Salted,18.2,997,129
957,2023-01-26,2023-01-26,"Beans - Navy, Dry",39.1,961,84
958,2023-02-13,2023-02-13,Cinnamon Buns Sticky,31.0,965,123
959,2023-07-20,2023-07-20,Cookies - Assorted,5.7,181,121
960,2023-08-05,2023-08-05,"Mustard - Dry, Powder",7.6,626,150
961,2023-11-23,2023-11-23,Calypso - Lemonade,26.1,873,2
962,2023-05-18,2023-05-18,Pears - Bosc,27.5,994,26
963,2023-10-28,2023-10-28,Muffin Batt - Choc Chk,1.4,287,116
964,2023-02-04,2023-02-04,Chocolate - Semi Sweet,25.1,106,55
965,2023-11-25,2023-11-25,"Mushrooms - Black, Dried",33.6,371,191
966,2023-11-30,2023-11-30,Strawberries,21.8,710,9
967,2023-05-07,2023-05-07,V8 Splash Strawberry Banana,12.0,678,102
968,2023-04-27,2023-04-27,Beef - Shank,5.8,572,43
969,2023-06-12,2023-06-12,"Pepsi, 355 Ml",5.2,114,164
970,2023-10-14,2023-10-14,Lamb Tenderloin Nz Fr,24.6,968,83
971,2023-11-19,2023-11-19,Wine - Remy Pannier Rose,21.9,341,4
972,2023-03-22,2023-03-22,"Tomatoes - Cherry, Yellow",29.0,425,113
973,2023-07-26,2023-07-26,Greens Mustard,5.6,411,200
974,2023-03-22,2023-03-22,Pectin,3.2,385,133
975,2023-05-01,2023-05-01,Wine - Rioja Campo Viejo,25.5,99,172
976,2023-09-01,2023-09-01,Cheese - Brick With Pepper,39.5,8,117
977,2023-11-12,2023-11-12,Rolled Oats,41.4,502,177
978,2023-10-12,2023-10-12,"Liners - Banana, Paper",46.6,479,10
979,2023-01-22,2023-01-22,Trueblue - Blueberry Cranberry,5.0,294,192
980,2023-07-22,2023-07-22,"Juice - Apple, 341 Ml",47.4,475,35
981,2023-04-25,2023-04-25,"Wine - Bourgogne 2002, La",44.8,445,194
982,2023-07-05,2023-07-05,Horseradish - Prepared,6.8,476,139
983,2023-11-07,2023-11-07,Ice Cream Bar - Hageen Daz To,13.0,859,72
984,2023-10-28,2023-10-28,Tea - Decaf 1 Cup,29.3,631,152
985,2023-03-14,2023-03-14,"Cherries - Maraschino,jar",8.9,314,186
986,2023-02-10,2023-02-10,"Rum - Light, Captain Morgan",12.1,663,140
987,2023-03-15,2023-03-15,Carbonated Water - Raspberry,33.9,40,44
988,2023-01-09,2023-01-09,Tea - Green,20.0,751,191
989,2023-08-04,2023-08-04,Buffalo - Short Rib Fresh,29.0,236,165
990,2023-11-09,2023-11-09,Wine - White Cab Sauv.on,19.6,471,70
991,2023-08-15,2023-08-15,Wine - Peller Estates Late,32.4,227,41
992,2023-05-25,2023-05-25,"Coconut - Shredded, Unsweet",27.6,952,45
993,2023-12-04,2023-12-04,Chicken - Base,17.1,123,57
994,2023-12-02,2023-12-02,Tea - Grapefruit Green Tea,39.9,549,52
995,2023-10-30,2023-10-30,"Crab - Dungeness, Whole, live",6.4,189,162
996,2023-06-02,2023-06-02,Pork - Sausage Casing,27.1,980,169
997,2023-11-19,2023-11-19,Pork - Backfat,27.4,918,96
998,2023-04-22,2023-04-22,Jerusalem Artichoke,15.1,153,48
999,2023-02-03,2023-02-03,Savory,34.8,188,19
1000,2023-11-28,2023-11-28,Tomatoes - Cherry,46.9,555,67
